pincode,district,state
110102,"NEW DELHI","DELHI"
110106,"NORTH","DELHI"
110119,"South East","DELHI"
110124,"SOUTH","DELHI"
110151,"SHAHDARA","DELHI"
110195,"SHAHDARA","DELHI"
121999,"NA","NA"
122998,"NA","NA"
122999,"NA","NA"
123304,"MAHENDRAGARH","HARYANA"
124515,"ROHTAK","HARYANA"
125061,"HISAR","HARYANA"
132035,"NA","NA"
134999,"NA","NA"
145002,"GURDASPUR","PUNJAB"
151007,"BATHINDA","PUNJAB"
151511,"BATHINDA","PUNJAB"
173033,"SIRMAUR","HIMACHAL PRADESH"
173237,"SOLAN","HIMACHAL PRADESH"
175022,"MANDI","HIMACHAL PRADESH"
176307,"CHAMBA","HIMACHAL PRADESH"
176330,"CHAMBA","HIMACHAL PRADESH"
181008,"JAMMU","JAMMU AND KASHMIR"
181134,"JAMMU","JAMMU AND KASHMIR"
181208,"JAMMU","JAMMU AND KASHMIR"
182129,"DODA","JAMMU AND KASHMIR"
182130,"UDHAMPUR","JAMMU AND KASHMIR"
182131,"DODA","JAMMU AND KASHMIR"
182132,"KISHTWAR","JAMMU AND KASHMIR"
182133,"KISHTWAR","JAMMU AND KASHMIR"
182134,"KISHTWAR","JAMMU AND KASHMIR"
182135,"KISHTWAR","JAMMU AND KASHMIR"
182136,"KISHTWAR","JAMMU AND KASHMIR"
182137,"KISHTWAR","JAMMU AND KASHMIR"
182138,"KISHTWAR","JAMMU AND KASHMIR"
182139,"KISHTWAR","JAMMU AND KASHMIR"
182140,"KISHTWAR","JAMMU AND KASHMIR"
184210,"KATHUA","JAMMU AND KASHMIR"
190099,"SRINAGAR","JAMMU AND KASHMIR"
193306,"SHOPIAN","JAMMU AND KASHMIR"
201022,"HAPUR","UTTAR PRADESH"
201319,"NA","NA"
201320,"NA","NA"
203413,"BULANDSHAHR","UTTAR PRADESH"
204217,"ALIGARH","UTTAR PRADESH"
208028,"KANPUR NAGAR","UTTAR PRADESH"
212110,"PRAYAGRAJ","UTTAR PRADESH"
221111,"VARANASI","UTTAR PRADESH"
222004,"JAUNPUR","UTTAR PRADESH"
222101,"NA","NA"
222205,"JAUNPUR","UTTAR PRADESH"
224239,"AMBEDKAR NAGAR","UTTAR PRADESH"
232114,"VARANASI","UTTAR PRADESH"
232115,"CHANDAULI","UTTAR PRADESH"
247552,"SAHARANPUR","UTTAR PRADESH"
247658,"HARIDWAR","UTTARAKHAND"
248020,"NA","NA"
249206,"DEHRADUN","UTTARAKHAND"
249412,"HARIDWAR","UTTARAKHAND"
261304,"SITAPUR","UTTAR PRADESH"
263141,"NAINITAL","UTTARAKHAND"
273011,"NA","NA"
273312,"MAHARAJGANJ","UTTAR PRADESH"
302047,"JAIPUR","RAJASTHAN"
302048,"JAIPUR","RAJASTHAN"
302049,"JAIPUR","RAJASTHAN"
305006,"AJMER","RAJASTHAN"
306604,"PALI","RAJASTHAN"
312628,"PRATAPGARH","RAJASTHAN"
312629,"CHITTORGARH","RAJASTHAN"
313806,"UDAIPUR","RAJASTHAN"
332003,"SIKAR","RAJASTHAN"
334002,"RAIPUR","CHHATTISGARH"
334024,"BIKANER","RAJASTHAN"
334025,"BIKANER","RAJASTHAN"
335042,"GANGANAGAR","RAJASTHAN"
335521,"HANUMANGARH","RAJASTHAN"
341002,"NAGAUR","RAJASTHAN"
341003,"NAGAUR","RAJASTHAN"
341307,"NAGAUR","RAJASTHAN"
341309,"NAGAUR","RAJASTHAN"
341521,"NAGAUR","RAJASTHAN"
342016,"JODHPUR","RAJASTHAN"
342017,"JODHPUR","RAJASTHAN"
342032,"JODHPUR","RAJASTHAN"
344802,"BARMER","RAJASTHAN"
360008,"NA","NA"
362269,"GIR SOMNATH","GUJARAT"
380010,"NA","NA"
380011,"NA","NA"
380012,"NA","NA"
380057,"AHMADABAD","GUJARAT"
382050,"GANDHINAGAR","GUJARAT"
382055,"GANDHINAGAR","GUJARAT"
382419,"GANDHINAGAR","GUJARAT"
382501,"GANDHINAGAR","GUJARAT"
384266,"PATAN","GUJARAT"
384316,"NAGAUR","RAJASTHAN"
385581,"BANAS KANTHA","GUJARAT"
387105,"KHEDA","GUJARAT"
390008,"NA","NA"
390026,"NA","NA"
395014,"NA","NA"
395015,"NA","NA"
400111,"NA","NA"
400113,"NA","NA"
400114,"NA","NA"
400118,"NA","NA"
400150,"NA","NA"
400153,"NA","NA"
400160,"NA","NA"
400167,"NA","NA"
400171,"NA","NA"
400183,"NA","NA"
400186,"NA","NA"
400193,"NA","NA"
400201,"NA","NA"
400609,"NA","NA"
401108,"NA","NA"
401205,"PALGHAR","MAHARASHTRA"
403522,"NA","NA"
403525,"NORTH GOA","GOA"
410517,"PUNE","MAHARASHTRA"
411070,"PUNE","MAHARASHTRA"
411071,"PUNE","MAHARASHTRA"
411073,"PUNE","MAHARASHTRA"
411074,"NA","NA"
411075,"NA","NA"
411076,"NA","NA"
411077,"NA","NA"
411078,"NA","NA"
411079,"NA","NA"
411080,"NA","NA"
411081,"PUNE","MAHARASHTRA"
413625,"OSMANABAD","MAHARASHTRA"
413626,"OSMANABAD","MAHARASHTRA"
415418,"SANGLI","MAHARASHTRA"
415635,"NA","NA"
416317,"SANGLI","MAHARASHTRA"
416429,"SANGLI","MAHARASHTRA"
422014,"NA","NA"
425314,"JALGAON","MAHARASHTRA"
431025,"NA","NA"
431543,"HINGOLI","MAHARASHTRA"
431724,"NANDED","MAHARASHTRA"
440029,"NAGPUR","MAHARASHTRA"
440038,"NA","NA"
441124,"NA","NA"
442920,"CHANDRAPUR","MAHARASHTRA"
451114,"KHARGONE","MADHYA PRADESH"
452999,"NA","NA"
457111,"NA","NA"
461445,"SEHORE","MADHYA PRADESH"
462028,"BHOPAL","MADHYA PRADESH"
462034,"NA","NA"
462057,"NA","NA"
462099,"NA","NA"
462116,"NA","NA"
465313,"UJJAIN","MADHYA PRADESH"
470776,"DAMOH","MADHYA PRADESH"
473106,"NA","NA"
473447,"ASHOKNAGAR","MADHYA PRADESH"
473773,"SHIVPURI","MADHYA PRADESH"
475331,"GWALIOR","MADHYA PRADESH"
476338,"NA","NA"
480442,"CHHINDWARA","MADHYA PRADESH"
482007,"NA","NA"
485227,"SATNA","MADHYA PRADESH"
486883,"SIDHI","MADHYA PRADESH"
490004,"NA","NA"
491002,"DURG","CHHATTISGARH"
491443,"RAJNANDGAON","CHHATTISGARH"
494220,"KONDAGAON","CHHATTISGARH"
494662,"NARAYANPUR","CHHATTISGARH"
495002,"NA","NA"
500106,"HYDERABAD","TELANGANA"
500117,"HYDERABAD","TELANGANA"
500118,"HYDERABAD","TELANGANA"
500119,"NA","NA"
500301,"MEDCHAL MALKAJGIRI","TELANGANA"
500901,"NA","NA"
500903,"NA","NA"
500915,"NA","NA"
500918,"NA","NA"
500920,"NA","NA"
500927,"NA","NA"
500930,"NA","NA"
500931,"NA","NA"
500934,"NA","NA"
500939,"NA","NA"
500955,"NA","NA"
500958,"NA","NA"
500962,"NA","NA"
500970,"NA","NA"
500972,"NA","NA"
500984,"NA","NA"
500989,"NA","NA"
501302,"MEDCHAL MALKAJGIRI","TELANGANA"
501303,"MEDCHAL MALKAJGIRI","TELANGANA"
501513,"MEDCHAL MALKAJGIRI","TELANGANA"
502033,"SANGAREDDY","TELANGANA"
502034,"SANGAREDDY","TELANGANA"
502106,"SIDDIPET","TELANGANA"
502932,"NA","NA"
504300,"NA","NA"
504314,"NA","NA"
505506,"PEDDAPALLI","TELANGANA"
506325,"MAHABUBABAD","TELANGANA"
507112,"BHADRADRI KOTHAGUDEM","TELANGANA"
507126,"BHADRADRI KOTHAGUDEM","TELANGANA"
507127,"BHADRADRI KOTHAGUDEM","TELANGANA"
507171,"BHADRADRI KOTHAGUDEM","TELANGANA"
507315,"BHADRADRI KOTHAGUDEM","TELANGANA"
509328,"RANGA REDDY","TELANGANA"
515006,"ANANTAPUR","ANDHRA PRADESH"
515251,"Sri Sathya Sai","ANDHRA PRADESH"
517508,"NA","NA"
517509,"CHITTOOR","ANDHRA PRADESH"
517510,"NA","NA"
521224,"KRISHNA","ANDHRA PRADESH"
522008,"GUNTUR","ANDHRA PRADESH"
522241,"GUNTUR","ANDHRA PRADESH"
523003,"PRAKASAM","ANDHRA PRADESH"
530056,"VISAKHAPATANAM","ANDHRA PRADESH"
530057,"VISAKHAPATANAM","ANDHRA PRADESH"
530058,"VISAKHAPATANAM","ANDHRA PRADESH"
530059,"VISAKHAPATANAM","ANDHRA PRADESH"
532167,"SRIKAKULAM","ANDHRA PRADESH"
532184,"NA","NA"
532204,"SRIKAKULAM","ANDHRA PRADESH"
532207,"SRIKAKULAM","ANDHRA PRADESH"
533108,"EAST GODAVARI","ANDHRA PRADESH"
533219,"Konaseema","ANDHRA PRADESH"
533350,"Alluri Sitharama Raju","ANDHRA PRADESH"
533460,"Kakinada","ANDHRA PRADESH"
534008,"Eluru","ANDHRA PRADESH"
535569,"VIZIANAGARAM","ANDHRA PRADESH"
560119,"BENGALURU URBAN","KARNATAKA"
562166,"RAMANAGARA","KARNATAKA"
571190,"MYSURU","KARNATAKA"
571202,"KODAGU","KARNATAKA"
574162,"DAKSHINA KANNADA","KARNATAKA"
577008,"DAVANGERE","KARNATAKA"
583286,"KOPPAL","KARNATAKA"
583288,"KOPPAL","KARNATAKA"
585446,"BIDAR","KARNATAKA"
585448,"BIDAR","KARNATAKA"
586162,"VIJAYAPURA","KARNATAKA"
586170,"VIJAYAPURA","KARNATAKA"
587157,"BAGALKOT","KARNATAKA"
590100,"NA","NA"
600133,"THIRUVALLUR","TAMIL NADU"
600200,"NA","NA"
600201,"NA","NA"
600202,"NA","NA"
602118,"KANCHIPURAM","TAMIL NADU"
604411,"TIRUVANNAMALAI","TAMIL NADU"
605012,"NA","NA"
612906,"KOZHIKODE","KERALA"
621119,"PERAMBALUR","TAMIL NADU"
625552,"THENI","TAMIL NADU"
628155,"TUTICORIN","TAMIL NADU"
636907,"DHARMAPURI","TAMIL NADU"
637216,"NAMAKKAL","TAMIL NADU"
641051,"COIMBATORE","TAMIL NADU"
641063,"COIMBATORE","TAMIL NADU"
671325,"KASARAGOD","KERALA"
680051,"THRISSUR","KERALA"
682053,"NA","NA"
683051,"NA","NA"
688051,"NA","NA"
688563,"ALAPPUZHA","KERALA"
690112,"ALAPPUZHA","KERALA"
691051,"NA","NA"
695521,"THIRUVANANTHAPURAM","KERALA"
695522,"THIRUVANANTHAPURAM","KERALA"
695523,"THIRUVANANTHAPURAM","KERALA"
695524,"THIRUVANANTHAPURAM","KERALA"
695525,"THIRUVANANTHAPURAM","KERALA"
695526,"THIRUVANANTHAPURAM","KERALA"
695527,"THIRUVANANTHAPURAM","KERALA"
695528,"THIRUVANANTHAPURAM","KERALA"
695541,"THIRUVANANTHAPURAM","KERALA"
695542,"THIRUVANANTHAPURAM","KERALA"
695543,"THIRUVANANTHAPURAM","KERALA"
695547,"THIRUVANANTHAPURAM","KERALA"
695551,"THIRUVANANTHAPURAM","KERALA"
695561,"THIRUVANANTHAPURAM","KERALA"
695562,"THIRUVANANTHAPURAM","KERALA"
695563,"THIRUVANANTHAPURAM","KERALA"
695564,"THIRUVANANTHAPURAM","KERALA"
695568,"THIRUVANANTHAPURAM","KERALA"
695570,"THIRUVANANTHAPURAM","KERALA"
695571,"THIRUVANANTHAPURAM","KERALA"
695572,"THIRUVANANTHAPURAM","KERALA"
695573,"THIRUVANANTHAPURAM","KERALA"
695574,"THIRUVANANTHAPURAM","KERALA"
695575,"THIRUVANANTHAPURAM","KERALA"
695581,"NA","NA"
695582,"THIRUVANANTHAPURAM","KERALA"
695583,"THIRUVANANTHAPURAM","KERALA"
695584,"THIRUVANANTHAPURAM","KERALA"
695585,"THIRUVANANTHAPURAM","KERALA"
695586,"THIRUVANANTHAPURAM","KERALA"
695587,"THIRUVANANTHAPURAM","KERALA"
695588,"THIRUVANANTHAPURAM","KERALA"
695589,"THIRUVANANTHAPURAM","KERALA"
695601,"THIRUVANANTHAPURAM","KERALA"
695602,"THIRUVANANTHAPURAM","KERALA"
695603,"THIRUVANANTHAPURAM","KERALA"
695604,"THIRUVANANTHAPURAM","KERALA"
695605,"THIRUVANANTHAPURAM","KERALA"
695606,"THIRUVANANTHAPURAM","KERALA"
695607,"THIRUVANANTHAPURAM","KERALA"
695608,"THIRUVANANTHAPURAM","KERALA"
695609,"THIRUVANANTHAPURAM","KERALA"
695610,"THIRUVANANTHAPURAM","KERALA"
695611,"THIRUVANANTHAPURAM","KERALA"
695612,"THIRUVANANTHAPURAM","KERALA"
695614,"THIRUVANANTHAPURAM","KERALA"
695615,"THIRUVANANTHAPURAM","KERALA"
700001,"KOLKATA","WEST BENGAL"
700002,"KOLKATA","WEST BENGAL"
700003,"KOLKATA","WEST BENGAL"
700004,"KOLKATA","WEST BENGAL"
700005,"KOLKATA","WEST BENGAL"
700006,"KOLKATA","WEST BENGAL"
700007,"KOLKATA","WEST BENGAL"
700008,"KOLKATA","WEST BENGAL"
700009,"KOLKATA","WEST BENGAL"
700010,"KOLKATA","WEST BENGAL"
700011,"KOLKATA","WEST BENGAL"
700012,"KOLKATA","WEST BENGAL"
700013,"KOLKATA","WEST BENGAL"
700014,"KOLKATA","WEST BENGAL"
700015,"KOLKATA","WEST BENGAL"
700016,"KOLKATA","WEST BENGAL"
700017,"KOLKATA","WEST BENGAL"
700018,"KOLKATA","WEST BENGAL"
700019,"KOLKATA","WEST BENGAL"
700020,"KOLKATA","WEST BENGAL"
700021,"KOLKATA","WEST BENGAL"
700022,"KOLKATA","WEST BENGAL"
700023,"KOLKATA","WEST BENGAL"
700024,"KOLKATA","WEST BENGAL"
700025,"KOLKATA","WEST BENGAL"
700026,"KOLKATA","WEST BENGAL"
700027,"KOLKATA","WEST BENGAL"
700028,"24 PARAGANAS NORTH","WEST BENGAL"
700029,"KOLKATA","WEST BENGAL"
700030,"KOLKATA","WEST BENGAL"
700031,"KOLKATA","WEST BENGAL"
700032,"KOLKATA","WEST BENGAL"
700033,"KOLKATA","WEST BENGAL"
700034,"KOLKATA","WEST BENGAL"
700035,"24 PARAGANAS NORTH","WEST BENGAL"
700036,"24 PARAGANAS NORTH","WEST BENGAL"
700037,"KOLKATA","WEST BENGAL"
700038,"KOLKATA","WEST BENGAL"
700039,"KOLKATA","WEST BENGAL"
700040,"KOLKATA","WEST BENGAL"
700041,"KOLKATA","WEST BENGAL"
700042,"KOLKATA","WEST BENGAL"
700043,"KOLKATA","WEST BENGAL"
700044,"KOLKATA","WEST BENGAL"
700045,"KOLKATA","WEST BENGAL"
700046,"KOLKATA","WEST BENGAL"
700047,"KOLKATA","WEST BENGAL"
700048,"24 PARAGANAS NORTH","WEST BENGAL"
700049,"24 PARAGANAS NORTH","WEST BENGAL"
700050,"KOLKATA","WEST BENGAL"
700051,"24 PARAGANAS NORTH","WEST BENGAL"
700052,"24 PARAGANAS NORTH","WEST BENGAL"
700053,"KOLKATA","WEST BENGAL"
700054,"KOLKATA","WEST BENGAL"
700055,"24 PARAGANAS NORTH","WEST BENGAL"
700056,"24 PARAGANAS NORTH","WEST BENGAL"
700057,"24 PARAGANAS NORTH","WEST BENGAL"
700058,"24 PARAGANAS NORTH","WEST BENGAL"
700059,"24 PARAGANAS NORTH","WEST BENGAL"
700060,"KOLKATA","WEST BENGAL"
700061,"KOLKATA","WEST BENGAL"
700062,"KOLKATA","WEST BENGAL"
700063,"KOLKATA","WEST BENGAL"
700064,"24 PARAGANAS NORTH","WEST BENGAL"
700065,"24 PARAGANAS NORTH","WEST BENGAL"
700066,"KOLKATA","WEST BENGAL"
700067,"KOLKATA","WEST BENGAL"
700068,"KOLKATA","WEST BENGAL"
700069,"KOLKATA","WEST BENGAL"
700070,"KOLKATA","WEST BENGAL"
700071,"KOLKATA","WEST BENGAL"
700072,"KOLKATA","WEST BENGAL"
700073,"KOLKATA","WEST BENGAL"
700074,"24 PARAGANAS NORTH","WEST BENGAL"
700075,"KOLKATA","WEST BENGAL"
700076,"24 PARAGANAS NORTH","WEST BENGAL"
700077,"24 PARAGANAS NORTH","WEST BENGAL"
700078,"KOLKATA","WEST BENGAL"
700079,"24 PARAGANAS NORTH","WEST BENGAL"
700080,"24 PARAGANAS NORTH","WEST BENGAL"
700081,"24 PARAGANAS NORTH","WEST BENGAL"
700082,"KOLKATA","WEST BENGAL"
700083,"24 PARAGANAS NORTH","WEST BENGAL"
700084,"24 PARAGANAS SOUTH","WEST BENGAL"
700085,"KOLKATA","WEST BENGAL"
700086,"KOLKATA","WEST BENGAL"
700087,"KOLKATA","WEST BENGAL"
700088,"KOLKATA","WEST BENGAL"
700089,"24 PARAGANAS NORTH","WEST BENGAL"
700090,"24 PARAGANAS NORTH","WEST BENGAL"
700091,"24 PARAGANAS NORTH","WEST BENGAL"
700092,"KOLKATA","WEST BENGAL"
700093,"24 PARAGANAS SOUTH","WEST BENGAL"
700094,"KOLKATA","WEST BENGAL"
700095,"KOLKATA","WEST BENGAL"
700096,"24 PARAGANAS SOUTH","WEST BENGAL"
700097,"24 PARAGANAS NORTH","WEST BENGAL"
700099,"KOLKATA","WEST BENGAL"
700100,"KOLKATA","WEST BENGAL"
700101,"24 PARAGANAS NORTH","WEST BENGAL"
700102,"24 PARAGANAS NORTH","WEST BENGAL"
700103,"24 PARAGANAS SOUTH","WEST BENGAL"
700104,"24 PARAGANAS SOUTH","WEST BENGAL"
700105,"24 PARAGANAS NORTH","WEST BENGAL"
700106,"24 PARAGANAS NORTH","WEST BENGAL"
700107,"KOLKATA","WEST BENGAL"
700108,"24 PARAGANAS NORTH","WEST BENGAL"
700109,"24 PARAGANAS NORTH","WEST BENGAL"
700110,"24 PARAGANAS NORTH","WEST BENGAL"
700111,"24 PARAGANAS NORTH","WEST BENGAL"
700112,"24 PARAGANAS NORTH","WEST BENGAL"
700113,"24 PARAGANAS NORTH","WEST BENGAL"
700114,"24 PARAGANAS NORTH","WEST BENGAL"
700115,"24 PARAGANAS NORTH","WEST BENGAL"
700116,"24 PARAGANAS NORTH","WEST BENGAL"
700117,"24 PARAGANAS NORTH","WEST BENGAL"
700118,"24 PARAGANAS NORTH","WEST BENGAL"
700119,"24 PARAGANAS NORTH","WEST BENGAL"
700120,"24 PARAGANAS NORTH","WEST BENGAL"
700121,"24 PARAGANAS NORTH","WEST BENGAL"
700122,"24 PARAGANAS NORTH","WEST BENGAL"
700123,"24 PARAGANAS NORTH","WEST BENGAL"
700124,"24 PARAGANAS NORTH","WEST BENGAL"
700125,"24 PARAGANAS NORTH","WEST BENGAL"
700126,"24 PARAGANAS NORTH","WEST BENGAL"
700127,"24 PARAGANAS NORTH","WEST BENGAL"
700128,"24 PARAGANAS NORTH","WEST BENGAL"
700129,"24 PARAGANAS NORTH","WEST BENGAL"
700130,"24 PARAGANAS NORTH","WEST BENGAL"
700131,"24 PARAGANAS NORTH","WEST BENGAL"
700132,"24 PARAGANAS NORTH","WEST BENGAL"
700133,"24 PARAGANAS NORTH","WEST BENGAL"
700134,"24 PARAGANAS NORTH","WEST BENGAL"
700135,"24 PARAGANAS NORTH","WEST BENGAL"
700136,"24 PARAGANAS NORTH","WEST BENGAL"
700137,"24 PARAGANAS SOUTH","WEST BENGAL"
700138,"24 PARAGANAS SOUTH","WEST BENGAL"
700139,"24 PARAGANAS SOUTH","WEST BENGAL"
700140,"24 PARAGANAS SOUTH","WEST BENGAL"
700141,"24 PARAGANAS SOUTH","WEST BENGAL"
700142,"24 PARAGANAS SOUTH","WEST BENGAL"
700143,"24 PARAGANAS SOUTH","WEST BENGAL"
700144,"24 PARAGANAS SOUTH","WEST BENGAL"
700145,"24 PARAGANAS SOUTH","WEST BENGAL"
700146,"24 PARAGANAS SOUTH","WEST BENGAL"
700147,"24 PARAGANAS SOUTH","WEST BENGAL"
700148,"24 PARAGANAS SOUTH","WEST BENGAL"
700149,"24 PARAGANAS SOUTH","WEST BENGAL"
700150,"24 PARAGANAS SOUTH","WEST BENGAL"
700151,"24 PARAGANAS SOUTH","WEST BENGAL"
700152,"24 PARAGANAS SOUTH","WEST BENGAL"
700153,"24 PARAGANAS SOUTH","WEST BENGAL"
700154,"24 PARAGANAS SOUTH","WEST BENGAL"
700155,"24 PARAGANAS NORTH","WEST BENGAL"
700156,"24 PARAGANAS NORTH","WEST BENGAL"
700157,"24 PARAGANAS NORTH","WEST BENGAL"
700158,"24 PARAGANAS NORTH","WEST BENGAL"
700159,"24 PARAGANAS NORTH","WEST BENGAL"
700160,"24 PARAGANAS NORTH","WEST BENGAL"
700161,"24 PARAGANAS NORTH","WEST BENGAL"
700162,"24 PARAGANAS NORTH","WEST BENGAL"
700163,"24 PARAGANAS NORTH","WEST BENGAL"
711101,"HOWRAH","WEST BENGAL"
711102,"HOWRAH","WEST BENGAL"
711103,"HOWRAH","WEST BENGAL"
711104,"HOWRAH","WEST BENGAL"
711105,"HOWRAH","WEST BENGAL"
711106,"HOWRAH","WEST BENGAL"
711107,"HOWRAH","WEST BENGAL"
711108,"HOWRAH","WEST BENGAL"
711109,"HOWRAH","WEST BENGAL"
711110,"HOWRAH","WEST BENGAL"
711111,"HOWRAH","WEST BENGAL"
711112,"HOWRAH","WEST BENGAL"
711113,"HOWRAH","WEST BENGAL"
711114,"HOWRAH","WEST BENGAL"
711115,"HOWRAH","WEST BENGAL"
711201,"HOWRAH","WEST BENGAL"
711202,"HOWRAH","WEST BENGAL"
711203,"HOWRAH","WEST BENGAL"
711204,"HOWRAH","WEST BENGAL"
711205,"HOWRAH","WEST BENGAL"
711206,"HOWRAH","WEST BENGAL"
711225,"HOWRAH","WEST BENGAL"
711226,"HOWRAH","WEST BENGAL"
711227,"HOWRAH","WEST BENGAL"
711301,"HOWRAH","WEST BENGAL"
711302,"HOWRAH","WEST BENGAL"
711303,"HOWRAH","WEST BENGAL"
711304,"HOWRAH","WEST BENGAL"
711305,"HOWRAH","WEST BENGAL"
711306,"HOWRAH","WEST BENGAL"
711307,"HOWRAH","WEST BENGAL"
711308,"HOWRAH","WEST BENGAL"
711309,"HOWRAH","WEST BENGAL"
711310,"HOWRAH","WEST BENGAL"
711312,"HOWRAH","WEST BENGAL"
711313,"HOWRAH","WEST BENGAL"
711314,"HOWRAH","WEST BENGAL"
711315,"HOWRAH","WEST BENGAL"
711316,"HOWRAH","WEST BENGAL"
711317,"HOWRAH","WEST BENGAL"
711322,"HOWRAH","WEST BENGAL"
711331,"HOWRAH","WEST BENGAL"
711401,"HOWRAH","WEST BENGAL"
711403,"HOWRAH","WEST BENGAL"
711404,"HOWRAH","WEST BENGAL"
711405,"HOWRAH","WEST BENGAL"
711408,"HOWRAH","WEST BENGAL"
711409,"HOWRAH","WEST BENGAL"
711410,"HOWRAH","WEST BENGAL"
711411,"HOWRAH","WEST BENGAL"
711412,"HOWRAH","WEST BENGAL"
711413,"HOWRAH","WEST BENGAL"
711414,"HOWRAH","WEST BENGAL"
712101,"HOOGHLY","WEST BENGAL"
712102,"HOOGHLY","WEST BENGAL"
712103,"HOOGHLY","WEST BENGAL"
712104,"HOOGHLY","WEST BENGAL"
712105,"HOOGHLY","WEST BENGAL"
712121,"HOOGHLY","WEST BENGAL"
712122,"MEDINIPUR WEST","WEST BENGAL"
712123,"HOOGHLY","WEST BENGAL"
712124,"HOOGHLY","WEST BENGAL"
712125,"HOOGHLY","WEST BENGAL"
712134,"HOOGHLY","WEST BENGAL"
712135,"HOOGHLY","WEST BENGAL"
712136,"HOOGHLY","WEST BENGAL"
712137,"HOOGHLY","WEST BENGAL"
712138,"HOOGHLY","WEST BENGAL"
712139,"HOOGHLY","WEST BENGAL"
712146,"PURBA BARDHAMAN","WEST BENGAL"
712147,"HOOGHLY","WEST BENGAL"
712148,"HOOGHLY","WEST BENGAL"
712149,"HOOGHLY","WEST BENGAL"
712152,"HOOGHLY","WEST BENGAL"
712201,"HOOGHLY","WEST BENGAL"
712202,"HOOGHLY","WEST BENGAL"
712203,"HOOGHLY","WEST BENGAL"
712204,"HOOGHLY","WEST BENGAL"
712221,"HOOGHLY","WEST BENGAL"
712222,"HOOGHLY","WEST BENGAL"
712223,"HOOGHLY","WEST BENGAL"
712232,"HOOGHLY","WEST BENGAL"
712233,"HOOGHLY","WEST BENGAL"
712234,"HOOGHLY","WEST BENGAL"
712235,"HOOGHLY","WEST BENGAL"
712245,"HOOGHLY","WEST BENGAL"
712246,"HOOGHLY","WEST BENGAL"
712248,"HOOGHLY","WEST BENGAL"
712249,"HOOGHLY","WEST BENGAL"
712250,"HOOGHLY","WEST BENGAL"
712258,"HOOGHLY","WEST BENGAL"
712291,"NA","NA"
712301,"HOOGHLY","WEST BENGAL"
712302,"HOOGHLY","WEST BENGAL"
712303,"HOOGHLY","WEST BENGAL"
712304,"HOOGHLY","WEST BENGAL"
712305,"HOOGHLY","WEST BENGAL"
712306,"HOOGHLY","WEST BENGAL"
712308,"HOOGHLY","WEST BENGAL"
712310,"HOOGHLY","WEST BENGAL"
712311,"HOOGHLY","WEST BENGAL"
712401,"HOOGHLY","WEST BENGAL"
712402,"HOOGHLY","WEST BENGAL"
712403,"HOOGHLY","WEST BENGAL"
712404,"HOOGHLY","WEST BENGAL"
712405,"HOOGHLY","WEST BENGAL"
712406,"HOOGHLY","WEST BENGAL"
712407,"HOOGHLY","WEST BENGAL"
712408,"HOWRAH","WEST BENGAL"
712409,"HOOGHLY","WEST BENGAL"
712410,"HOOGHLY","WEST BENGAL"
712412,"HOOGHLY","WEST BENGAL"
712413,"HOOGHLY","WEST BENGAL"
712414,"HOOGHLY","WEST BENGAL"
712415,"HOOGHLY","WEST BENGAL"
712416,"HOOGHLY","WEST BENGAL"
712417,"HOOGHLY","WEST BENGAL"
712501,"HOOGHLY","WEST BENGAL"
712502,"HOOGHLY","WEST BENGAL"
712503,"HOOGHLY","WEST BENGAL"
712504,"HOOGHLY","WEST BENGAL"
712512,"HOOGHLY","WEST BENGAL"
712513,"HOOGHLY","WEST BENGAL"
712514,"HOOGHLY","WEST BENGAL"
712515,"HOOGHLY","WEST BENGAL"
712601,"HOOGHLY","WEST BENGAL"
712602,"HOOGHLY","WEST BENGAL"
712611,"HOOGHLY","WEST BENGAL"
712612,"HOOGHLY","WEST BENGAL"
712613,"HOOGHLY","WEST BENGAL"
712614,"HOOGHLY","WEST BENGAL"
712615,"HOOGHLY","WEST BENGAL"
712616,"HOOGHLY","WEST BENGAL"
712617,"HOOGHLY","WEST BENGAL"
712701,"HOOGHLY","WEST BENGAL"
712702,"HOOGHLY","WEST BENGAL"
712706,"HOOGHLY","WEST BENGAL"
713101,"PURBA BARDHAMAN","WEST BENGAL"
713102,"PURBA BARDHAMAN","WEST BENGAL"
713103,"PURBA BARDHAMAN","WEST BENGAL"
713104,"PURBA BARDHAMAN","WEST BENGAL"
713121,"PURBA BARDHAMAN","WEST BENGAL"
713122,"PURBA BARDHAMAN","WEST BENGAL"
713123,"PURBA BARDHAMAN","WEST BENGAL"
713124,"PURBA BARDHAMAN","WEST BENGAL"
713125,"PURBA BARDHAMAN","WEST BENGAL"
713126,"PURBA BARDHAMAN","WEST BENGAL"
713127,"PURBA BARDHAMAN","WEST BENGAL"
713128,"PURBA BARDHAMAN","WEST BENGAL"
713129,"PURBA BARDHAMAN","WEST BENGAL"
713130,"PURBA BARDHAMAN","WEST BENGAL"
713131,"PURBA BARDHAMAN","WEST BENGAL"
713132,"PURBA BARDHAMAN","WEST BENGAL"
713140,"PURBA BARDHAMAN","WEST BENGAL"
713141,"PURBA BARDHAMAN","WEST BENGAL"
713142,"PURBA BARDHAMAN","WEST BENGAL"
713143,"PURBA BARDHAMAN","WEST BENGAL"
713144,"PURBA BARDHAMAN","WEST BENGAL"
713145,"PURBA BARDHAMAN","WEST BENGAL"
713146,"PURBA BARDHAMAN","WEST BENGAL"
713147,"PURBA BARDHAMAN","WEST BENGAL"
713148,"PASCHIM BARDHAMAN","WEST BENGAL"
713149,"PURBA BARDHAMAN","WEST BENGAL"
713150,"PURBA BARDHAMAN","WEST BENGAL"
713151,"PURBA BARDHAMAN","WEST BENGAL"
713152,"PURBA BARDHAMAN","WEST BENGAL"
713153,"PURBA BARDHAMAN","WEST BENGAL"
713154,"PURBA BARDHAMAN","WEST BENGAL"
713166,"PURBA BARDHAMAN","WEST BENGAL"
713201,"PASCHIM BARDHAMAN","WEST BENGAL"
713202,"PASCHIM BARDHAMAN","WEST BENGAL"
713203,"PASCHIM BARDHAMAN","WEST BENGAL"
713204,"PASCHIM BARDHAMAN","WEST BENGAL"
713205,"PASCHIM BARDHAMAN","WEST BENGAL"
713206,"PASCHIM BARDHAMAN","WEST BENGAL"
713207,"PASCHIM BARDHAMAN","WEST BENGAL"
713208,"PASCHIM BARDHAMAN","WEST BENGAL"
713209,"PASCHIM BARDHAMAN","WEST BENGAL"
713210,"PASCHIM BARDHAMAN","WEST BENGAL"
713211,"PASCHIM BARDHAMAN","WEST BENGAL"
713212,"PASCHIM BARDHAMAN","WEST BENGAL"
713213,"PASCHIM BARDHAMAN","WEST BENGAL"
713214,"PASCHIM BARDHAMAN","WEST BENGAL"
713215,"PASCHIM BARDHAMAN","WEST BENGAL"
713216,"PASCHIM BARDHAMAN","WEST BENGAL"
713217,"PASCHIM BARDHAMAN","WEST BENGAL"
713301,"PASCHIM BARDHAMAN","WEST BENGAL"
713302,"PASCHIM BARDHAMAN","WEST BENGAL"
713303,"PASCHIM BARDHAMAN","WEST BENGAL"
713304,"PASCHIM BARDHAMAN","WEST BENGAL"
713305,"PASCHIM BARDHAMAN","WEST BENGAL"
713315,"PASCHIM BARDHAMAN","WEST BENGAL"
713321,"PASCHIM BARDHAMAN","WEST BENGAL"
713322,"PASCHIM BARDHAMAN","WEST BENGAL"
713323,"PASCHIM BARDHAMAN","WEST BENGAL"
713324,"PASCHIM BARDHAMAN","WEST BENGAL"
713325,"PASCHIM BARDHAMAN","WEST BENGAL"
713326,"PASCHIM BARDHAMAN","WEST BENGAL"
713330,"PASCHIM BARDHAMAN","WEST BENGAL"
713331,"PASCHIM BARDHAMAN","WEST BENGAL"
713332,"PASCHIM BARDHAMAN","WEST BENGAL"
713333,"PASCHIM BARDHAMAN","WEST BENGAL"
713334,"PASCHIM BARDHAMAN","WEST BENGAL"
713335,"PASCHIM BARDHAMAN","WEST BENGAL"
713336,"PASCHIM BARDHAMAN","WEST BENGAL"
713337,"PASCHIM BARDHAMAN","WEST BENGAL"
713338,"PASCHIM BARDHAMAN","WEST BENGAL"
713339,"PASCHIM BARDHAMAN","WEST BENGAL"
713340,"PASCHIM BARDHAMAN","WEST BENGAL"
713341,"PASCHIM BARDHAMAN","WEST BENGAL"
713342,"PASCHIM BARDHAMAN","WEST BENGAL"
713343,"PASCHIM BARDHAMAN","WEST BENGAL"
713344,"PASCHIM BARDHAMAN","WEST BENGAL"
713346,"PASCHIM BARDHAMAN","WEST BENGAL"
713347,"PASCHIM BARDHAMAN","WEST BENGAL"
713357,"PASCHIM BARDHAMAN","WEST BENGAL"
713358,"PASCHIM BARDHAMAN","WEST BENGAL"
713359,"PASCHIM BARDHAMAN","WEST BENGAL"
713360,"PASCHIM BARDHAMAN","WEST BENGAL"
713361,"PASCHIM BARDHAMAN","WEST BENGAL"
713362,"PASCHIM BARDHAMAN","WEST BENGAL"
713363,"PASCHIM BARDHAMAN","WEST BENGAL"
713365,"PASCHIM BARDHAMAN","WEST BENGAL"
713369,"PASCHIM BARDHAMAN","WEST BENGAL"
713370,"PASCHIM BARDHAMAN","WEST BENGAL"
713371,"PASCHIM BARDHAMAN","WEST BENGAL"
713372,"PASCHIM BARDHAMAN","WEST BENGAL"
713373,"PASCHIM BARDHAMAN","WEST BENGAL"
713376,"PASCHIM BARDHAMAN","WEST BENGAL"
713378,"PASCHIM BARDHAMAN","WEST BENGAL"
713381,"PASCHIM BARDHAMAN","WEST BENGAL"
713384,"PASCHIM BARDHAMAN","WEST BENGAL"
713385,"PASCHIM BARDHAMAN","WEST BENGAL"
713386,"PASCHIM BARDHAMAN","WEST BENGAL"
713401,"PURBA BARDHAMAN","WEST BENGAL"
713403,"PURBA BARDHAMAN","WEST BENGAL"
713404,"PURBA BARDHAMAN","WEST BENGAL"
713405,"PURBA BARDHAMAN","WEST BENGAL"
713406,"PURBA BARDHAMAN","WEST BENGAL"
713407,"PURBA BARDHAMAN","WEST BENGAL"
713408,"PURBA BARDHAMAN","WEST BENGAL"
713409,"PURBA BARDHAMAN","WEST BENGAL"
713420,"PURBA BARDHAMAN","WEST BENGAL"
713421,"PURBA BARDHAMAN","WEST BENGAL"
713422,"PURBA BARDHAMAN","WEST BENGAL"
713423,"PURBA BARDHAMAN","WEST BENGAL"
713424,"PURBA BARDHAMAN","WEST BENGAL"
713426,"PURBA BARDHAMAN","WEST BENGAL"
713427,"PURBA BARDHAMAN","WEST BENGAL"
713428,"PURBA BARDHAMAN","WEST BENGAL"
713502,"PURBA BARDHAMAN","WEST BENGAL"
713512,"PURBA BARDHAMAN","WEST BENGAL"
713513,"PURBA BARDHAMAN","WEST BENGAL"
713514,"PURBA BARDHAMAN","WEST BENGAL"
713515,"PURBA BARDHAMAN","WEST BENGAL"
713519,"PURBA BARDHAMAN","WEST BENGAL"
713520,"PURBA BARDHAMAN","WEST BENGAL"
721101,"MEDINIPUR WEST","WEST BENGAL"
721102,"MEDINIPUR WEST","WEST BENGAL"
721121,"MEDINIPUR WEST","WEST BENGAL"
721122,"MEDINIPUR WEST","WEST BENGAL"
721124,"MEDINIPUR WEST","WEST BENGAL"
721125,"Jhargram","WEST BENGAL"
721126,"MEDINIPUR WEST","WEST BENGAL"
721127,"MEDINIPUR WEST","WEST BENGAL"
721128,"MEDINIPUR WEST","WEST BENGAL"
721129,"MEDINIPUR WEST","WEST BENGAL"
721130,"MEDINIPUR EAST","WEST BENGAL"
721131,"MEDINIPUR WEST","WEST BENGAL"
721132,"MEDINIPUR WEST","WEST BENGAL"
721133,"MEDINIPUR WEST","WEST BENGAL"
721134,"MEDINIPUR EAST","WEST BENGAL"
721135,"MEDINIPUR WEST","WEST BENGAL"
721136,"MEDINIPUR WEST","WEST BENGAL"
721137,"MEDINIPUR EAST","WEST BENGAL"
721139,"MEDINIPUR EAST","WEST BENGAL"
721140,"MEDINIPUR WEST","WEST BENGAL"
721143,"Jhargram","WEST BENGAL"
721144,"MEDINIPUR WEST","WEST BENGAL"
721145,"MEDINIPUR WEST","WEST BENGAL"
721146,"MEDINIPUR WEST","WEST BENGAL"
721147,"MEDINIPUR WEST","WEST BENGAL"
721148,"MEDINIPUR WEST","WEST BENGAL"
721149,"MEDINIPUR WEST","WEST BENGAL"
721150,"MEDINIPUR WEST","WEST BENGAL"
721151,"MEDINIPUR EAST","WEST BENGAL"
721152,"MEDINIPUR EAST","WEST BENGAL"
721153,"MEDINIPUR WEST","WEST BENGAL"
721154,"MEDINIPUR EAST","WEST BENGAL"
721155,"MEDINIPUR WEST","WEST BENGAL"
721156,"MEDINIPUR WEST","WEST BENGAL"
721157,"MEDINIPUR WEST","WEST BENGAL"
721158,"MEDINIPUR EAST","WEST BENGAL"
721159,"Jhargram","WEST BENGAL"
721160,"MEDINIPUR WEST","WEST BENGAL"
721161,"MEDINIPUR WEST","WEST BENGAL"
721166,"MEDINIPUR WEST","WEST BENGAL"
721171,"MEDINIPUR EAST","WEST BENGAL"
721172,"MEDINIPUR EAST","WEST BENGAL"
721201,"MEDINIPUR WEST","WEST BENGAL"
721211,"MEDINIPUR WEST","WEST BENGAL"
721212,"MEDINIPUR WEST","WEST BENGAL"
721222,"MEDINIPUR WEST","WEST BENGAL"
721232,"MEDINIPUR WEST","WEST BENGAL"
721242,"MEDINIPUR WEST","WEST BENGAL"
721253,"MEDINIPUR WEST","WEST BENGAL"
721260,"MEDINIPUR WEST","WEST BENGAL"
721301,"MEDINIPUR WEST","WEST BENGAL"
721302,"MEDINIPUR WEST","WEST BENGAL"
721303,"MEDINIPUR WEST","WEST BENGAL"
721304,"MEDINIPUR WEST","WEST BENGAL"
721305,"MEDINIPUR WEST","WEST BENGAL"
721306,"MEDINIPUR WEST","WEST BENGAL"
721401,"MEDINIPUR EAST","WEST BENGAL"
721402,"MEDINIPUR EAST","WEST BENGAL"
721403,"MEDINIPUR EAST","WEST BENGAL"
721404,"MEDINIPUR EAST","WEST BENGAL"
721405,"MEDINIPUR EAST","WEST BENGAL"
721406,"MEDINIPUR EAST","WEST BENGAL"
721420,"MEDINIPUR WEST","WEST BENGAL"
721422,"MEDINIPUR EAST","WEST BENGAL"
721423,"MEDINIPUR EAST","WEST BENGAL"
721424,"MEDINIPUR WEST","WEST BENGAL"
721425,"MEDINIPUR EAST","WEST BENGAL"
721426,"MEDINIPUR WEST","WEST BENGAL"
721427,"MEDINIPUR EAST","WEST BENGAL"
721428,"MEDINIPUR EAST","WEST BENGAL"
721429,"MEDINIPUR EAST","WEST BENGAL"
721430,"MEDINIPUR EAST","WEST BENGAL"
721431,"MEDINIPUR EAST","WEST BENGAL"
721432,"MEDINIPUR EAST","WEST BENGAL"
721433,"MEDINIPUR EAST","WEST BENGAL"
721434,"MEDINIPUR EAST","WEST BENGAL"
721435,"MEDINIPUR WEST","WEST BENGAL"
721436,"MEDINIPUR WEST","WEST BENGAL"
721437,"MEDINIPUR WEST","WEST BENGAL"
721438,"MEDINIPUR EAST","WEST BENGAL"
721439,"MEDINIPUR EAST","WEST BENGAL"
721440,"MEDINIPUR EAST","WEST BENGAL"
721441,"MEDINIPUR EAST","WEST BENGAL"
721442,"MEDINIPUR EAST","WEST BENGAL"
721443,"MEDINIPUR WEST","WEST BENGAL"
721444,"MEDINIPUR EAST","WEST BENGAL"
721445,"MEDINIPUR WEST","WEST BENGAL"
721446,"MEDINIPUR EAST","WEST BENGAL"
721447,"MEDINIPUR EAST","WEST BENGAL"
721448,"MEDINIPUR EAST","WEST BENGAL"
721449,"MEDINIPUR EAST","WEST BENGAL"
721450,"MEDINIPUR EAST","WEST BENGAL"
721451,"MEDINIPUR WEST","WEST BENGAL"
721452,"MEDINIPUR EAST","WEST BENGAL"
721453,"MEDINIPUR EAST","WEST BENGAL"
721454,"MEDINIPUR EAST","WEST BENGAL"
721455,"MEDINIPUR EAST","WEST BENGAL"
721456,"MEDINIPUR EAST","WEST BENGAL"
721457,"MEDINIPUR WEST","WEST BENGAL"
721458,"MEDINIPUR EAST","WEST BENGAL"
721463,"MEDINIPUR EAST","WEST BENGAL"
721467,"MEDINIPUR WEST","WEST BENGAL"
721501,"Jhargram","WEST BENGAL"
721503,"Jhargram","WEST BENGAL"
721504,"Jhargram","WEST BENGAL"
721505,"Jhargram","WEST BENGAL"
721506,"Jhargram","WEST BENGAL"
721507,"Jhargram","WEST BENGAL"
721513,"Jhargram","WEST BENGAL"
721514,"Jhargram","WEST BENGAL"
721515,"Jhargram","WEST BENGAL"
721516,"Jhargram","WEST BENGAL"
721517,"Jhargram","WEST BENGAL"
721601,"MEDINIPUR EAST","WEST BENGAL"
721602,"MEDINIPUR EAST","WEST BENGAL"
721603,"MEDINIPUR EAST","WEST BENGAL"
721604,"MEDINIPUR EAST","WEST BENGAL"
721606,"MEDINIPUR EAST","WEST BENGAL"
721607,"MEDINIPUR EAST","WEST BENGAL"
721624,"MEDINIPUR EAST","WEST BENGAL"
721625,"MEDINIPUR EAST","WEST BENGAL"
721626,"MEDINIPUR EAST","WEST BENGAL"
721627,"MEDINIPUR EAST","WEST BENGAL"
721628,"MEDINIPUR EAST","WEST BENGAL"
721629,"MEDINIPUR EAST","WEST BENGAL"
721631,"MEDINIPUR EAST","WEST BENGAL"
721632,"MEDINIPUR EAST","WEST BENGAL"
721633,"MEDINIPUR EAST","WEST BENGAL"
721634,"MEDINIPUR EAST","WEST BENGAL"
721635,"MEDINIPUR EAST","WEST BENGAL"
721636,"MEDINIPUR EAST","WEST BENGAL"
721637,"MEDINIPUR EAST","WEST BENGAL"
721638,"MEDINIPUR EAST","WEST BENGAL"
721641,"MEDINIPUR WEST","WEST BENGAL"
721642,"MEDINIPUR EAST","WEST BENGAL"
721643,"MEDINIPUR EAST","WEST BENGAL"
721644,"MEDINIPUR EAST","WEST BENGAL"
721645,"MEDINIPUR EAST","WEST BENGAL"
721646,"MEDINIPUR EAST","WEST BENGAL"
721647,"MEDINIPUR EAST","WEST BENGAL"
721648,"MEDINIPUR EAST","WEST BENGAL"
721649,"MEDINIPUR EAST","WEST BENGAL"
721650,"MEDINIPUR EAST","WEST BENGAL"
721651,"MEDINIPUR EAST","WEST BENGAL"
721652,"MEDINIPUR EAST","WEST BENGAL"
721653,"MEDINIPUR EAST","WEST BENGAL"
721654,"MEDINIPUR EAST","WEST BENGAL"
721655,"MEDINIPUR EAST","WEST BENGAL"
721656,"MEDINIPUR EAST","WEST BENGAL"
721657,"MEDINIPUR EAST","WEST BENGAL"
721658,"MEDINIPUR EAST","WEST BENGAL"
721659,"MEDINIPUR EAST","WEST BENGAL"
722101,"BANKURA","WEST BENGAL"
722102,"BANKURA","WEST BENGAL"
722121,"BANKURA","WEST BENGAL"
722122,"BANKURA","WEST BENGAL"
722132,"BANKURA","WEST BENGAL"
722133,"BANKURA","WEST BENGAL"
722134,"BANKURA","WEST BENGAL"
722135,"BANKURA","WEST BENGAL"
722136,"BANKURA","WEST BENGAL"
722137,"BANKURA","WEST BENGAL"
722138,"BANKURA","WEST BENGAL"
722139,"BANKURA","WEST BENGAL"
722140,"BANKURA","WEST BENGAL"
722141,"BANKURA","WEST BENGAL"
722142,"BANKURA","WEST BENGAL"
722143,"BANKURA","WEST BENGAL"
722144,"BANKURA","WEST BENGAL"
722146,"BANKURA","WEST BENGAL"
722147,"BANKURA","WEST BENGAL"
722148,"BANKURA","WEST BENGAL"
722149,"BANKURA","WEST BENGAL"
722150,"BANKURA","WEST BENGAL"
722151,"BANKURA","WEST BENGAL"
722152,"BANKURA","WEST BENGAL"
722153,"BANKURA","WEST BENGAL"
722154,"BANKURA","WEST BENGAL"
722155,"BANKURA","WEST BENGAL"
722156,"BANKURA","WEST BENGAL"
722157,"BANKURA","WEST BENGAL"
722158,"BANKURA","WEST BENGAL"
722160,"BANKURA","WEST BENGAL"
722161,"BANKURA","WEST BENGAL"
722162,"BANKURA","WEST BENGAL"
722164,"BANKURA","WEST BENGAL"
722173,"BANKURA","WEST BENGAL"
722176,"BANKURA","WEST BENGAL"
722183,"BANKURA","WEST BENGAL"
722201,"BANKURA","WEST BENGAL"
722202,"BANKURA","WEST BENGAL"
722203,"BANKURA","WEST BENGAL"
722204,"BANKURA","WEST BENGAL"
722205,"BANKURA","WEST BENGAL"
722206,"BANKURA","WEST BENGAL"
722207,"BANKURA","WEST BENGAL"
722208,"BANKURA","WEST BENGAL"
723101,"PURULIA","WEST BENGAL"
723102,"PURULIA","WEST BENGAL"
723103,"PURULIA","WEST BENGAL"
723104,"PURULIA","WEST BENGAL"
723121,"PURULIA","WEST BENGAL"
723126,"PURULIA","WEST BENGAL"
723127,"PURULIA","WEST BENGAL"
723128,"PURULIA","WEST BENGAL"
723129,"PURULIA","WEST BENGAL"
723130,"PURULIA","WEST BENGAL"
723131,"PURULIA","WEST BENGAL"
723132,"PURULIA","WEST BENGAL"
723133,"PURULIA","WEST BENGAL"
723134,"PURULIA","WEST BENGAL"
723142,"PURULIA","WEST BENGAL"
723143,"PURULIA","WEST BENGAL"
723145,"PURULIA","WEST BENGAL"
723146,"PURULIA","WEST BENGAL"
723147,"PURULIA","WEST BENGAL"
723148,"PURULIA","WEST BENGAL"
723149,"PURULIA","WEST BENGAL"
723151,"PURULIA","WEST BENGAL"
723152,"PURULIA","WEST BENGAL"
723153,"PURULIA","WEST BENGAL"
723154,"PURULIA","WEST BENGAL"
723155,"PURULIA","WEST BENGAL"
723156,"PURULIA","WEST BENGAL"
723201,"PURULIA","WEST BENGAL"
723202,"PURULIA","WEST BENGAL"
723212,"PURULIA","WEST BENGAL"
723213,"PURULIA","WEST BENGAL"
723215,"PURULIA","WEST BENGAL"
731101,"BIRBHUM","WEST BENGAL"
731102,"BIRBHUM","WEST BENGAL"
731103,"BIRBHUM","WEST BENGAL"
731104,"BIRBHUM","WEST BENGAL"
731121,"BIRBHUM","WEST BENGAL"
731123,"BIRBHUM","WEST BENGAL"
731124,"BIRBHUM","WEST BENGAL"
731125,"BIRBHUM","WEST BENGAL"
731126,"BIRBHUM","WEST BENGAL"
731127,"BIRBHUM","WEST BENGAL"
731129,"BIRBHUM","WEST BENGAL"
731130,"BIRBHUM","WEST BENGAL"
731132,"BIRBHUM","WEST BENGAL"
731133,"BIRBHUM","WEST BENGAL"
731201,"BIRBHUM","WEST BENGAL"
731202,"BIRBHUM","WEST BENGAL"
731204,"BIRBHUM","WEST BENGAL"
731214,"BIRBHUM","WEST BENGAL"
731215,"BIRBHUM","WEST BENGAL"
731216,"BIRBHUM","WEST BENGAL"
731218,"BIRBHUM","WEST BENGAL"
731219,"BIRBHUM","WEST BENGAL"
731220,"BIRBHUM","WEST BENGAL"
731221,"MURSHIDABAD","WEST BENGAL"
731222,"BIRBHUM","WEST BENGAL"
731223,"BIRBHUM","WEST BENGAL"
731224,"BIRBHUM","WEST BENGAL"
731233,"BIRBHUM","WEST BENGAL"
731234,"BIRBHUM","WEST BENGAL"
731235,"BIRBHUM","WEST BENGAL"
731236,"BIRBHUM","WEST BENGAL"
731237,"BIRBHUM","WEST BENGAL"
731238,"BIRBHUM","WEST BENGAL"
731240,"BIRBHUM","WEST BENGAL"
731241,"MURSHIDABAD","WEST BENGAL"
731242,"BIRBHUM","WEST BENGAL"
731243,"BIRBHUM","WEST BENGAL"
731244,"BIRBHUM","WEST BENGAL"
731245,"BIRBHUM","WEST BENGAL"
731301,"BIRBHUM","WEST BENGAL"
731302,"BIRBHUM","WEST BENGAL"
731303,"BIRBHUM","WEST BENGAL"
731304,"BIRBHUM","WEST BENGAL"
732101,"MALDAH","WEST BENGAL"
732102,"MALDAH","WEST BENGAL"
732103,"MALDAH","WEST BENGAL"
732121,"MALDAH","WEST BENGAL"
732122,"MALDAH","WEST BENGAL"
732123,"MALDAH","WEST BENGAL"
732124,"MALDAH","WEST BENGAL"
732125,"MALDAH","WEST BENGAL"
732126,"MALDAH","WEST BENGAL"
732127,"MALDAH","WEST BENGAL"
732128,"MALDAH","WEST BENGAL"
732138,"MALDAH","WEST BENGAL"
732139,"MALDAH","WEST BENGAL"
732140,"MALDAH","WEST BENGAL"
732141,"MALDAH","WEST BENGAL"
732142,"MALDAH","WEST BENGAL"
732144,"MALDAH","WEST BENGAL"
732201,"MALDAH","WEST BENGAL"
732202,"MALDAH","WEST BENGAL"
732203,"MALDAH","WEST BENGAL"
732204,"MALDAH","WEST BENGAL"
732205,"MALDAH","WEST BENGAL"
732206,"MALDAH","WEST BENGAL"
732207,"MALDAH","WEST BENGAL"
732208,"MALDAH","WEST BENGAL"
732209,"MALDAH","WEST BENGAL"
732210,"MALDAH","WEST BENGAL"
732215,"MALDAH","WEST BENGAL"
732216,"MALDAH","WEST BENGAL"
733101,"DINAJPUR DAKSHIN","WEST BENGAL"
733102,"DINAJPUR DAKSHIN","WEST BENGAL"
733103,"DINAJPUR DAKSHIN","WEST BENGAL"
733121,"DINAJPUR DAKSHIN","WEST BENGAL"
733123,"DINAJPUR UTTAR","WEST BENGAL"
733124,"DINAJPUR DAKSHIN","WEST BENGAL"
733125,"DINAJPUR DAKSHIN","WEST BENGAL"
733126,"DINAJPUR DAKSHIN","WEST BENGAL"
733127,"DINAJPUR DAKSHIN","WEST BENGAL"
733128,"DINAJPUR UTTAR","WEST BENGAL"
733129,"DINAJPUR UTTAR","WEST BENGAL"
733130,"DINAJPUR UTTAR","WEST BENGAL"
733132,"DINAJPUR DAKSHIN","WEST BENGAL"
733133,"DINAJPUR DAKSHIN","WEST BENGAL"
733134,"DINAJPUR UTTAR","WEST BENGAL"
733139,"NA","NA"
733140,"DINAJPUR DAKSHIN","WEST BENGAL"
733141,"DINAJPUR DAKSHIN","WEST BENGAL"
733142,"DINAJPUR DAKSHIN","WEST BENGAL"
733143,"DINAJPUR UTTAR","WEST BENGAL"
733145,"DINAJPUR DAKSHIN","WEST BENGAL"
733156,"DINAJPUR UTTAR","WEST BENGAL"
733158,"DINAJPUR DAKSHIN","WEST BENGAL"
733201,"DINAJPUR UTTAR","WEST BENGAL"
733202,"DINAJPUR UTTAR","WEST BENGAL"
733207,"DINAJPUR UTTAR","WEST BENGAL"
733208,"DINAJPUR UTTAR","WEST BENGAL"
733209,"DINAJPUR UTTAR","WEST BENGAL"
733210,"DINAJPUR UTTAR","WEST BENGAL"
733215,"DINAJPUR UTTAR","WEST BENGAL"
734001,"JALPAIGURI","WEST BENGAL"
734002,"DARJEELING","WEST BENGAL"
734003,"DARJEELING","WEST BENGAL"
734004,"JALPAIGURI","WEST BENGAL"
734005,"DARJEELING","WEST BENGAL"
734006,"JALPAIGURI","WEST BENGAL"
734007,"JALPAIGURI","WEST BENGAL"
734008,"KALIMPONG","WEST BENGAL"
734009,"DARJEELING","WEST BENGAL"
734010,"DARJEELING","WEST BENGAL"
734011,"DARJEELING","WEST BENGAL"
734012,"DARJEELING","WEST BENGAL"
734013,"DARJEELING","WEST BENGAL"
734014,"DARJEELING","WEST BENGAL"
734015,"JALPAIGURI","WEST BENGAL"
734091,"NA","NA"
734101,"DARJEELING","WEST BENGAL"
734102,"DARJEELING","WEST BENGAL"
734103,"DARJEELING","WEST BENGAL"
734104,"DARJEELING","WEST BENGAL"
734105,"DARJEELING","WEST BENGAL"
734201,"DARJEELING","WEST BENGAL"
734203,"DARJEELING","WEST BENGAL"
734204,"DARJEELING","WEST BENGAL"
734209,"DARJEELING","WEST BENGAL"
734213,"DARJEELING","WEST BENGAL"
734214,"DARJEELING","WEST BENGAL"
734215,"DARJEELING","WEST BENGAL"
734216,"DARJEELING","WEST BENGAL"
734217,"DARJEELING","WEST BENGAL"
734218,"DARJEELING","WEST BENGAL"
734220,"DARJEELING","WEST BENGAL"
734221,"DARJEELING","WEST BENGAL"
734222,"DARJEELING","WEST BENGAL"
734223,"DARJEELING","WEST BENGAL"
734224,"DARJEELING","WEST BENGAL"
734226,"DARJEELING","WEST BENGAL"
734301,"KALIMPONG","WEST BENGAL"
734311,"KALIMPONG","WEST BENGAL"
734312,"DARJEELING","WEST BENGAL"
734313,"DARJEELING","WEST BENGAL"
734314,"KALIMPONG","WEST BENGAL"
734315,"KALIMPONG","WEST BENGAL"
734316,"KALIMPONG","WEST BENGAL"
734421,"DARJEELING","WEST BENGAL"
734423,"DARJEELING","WEST BENGAL"
734424,"DARJEELING","WEST BENGAL"
734425,"DARJEELING","WEST BENGAL"
734426,"DARJEELING","WEST BENGAL"
734427,"DARJEELING","WEST BENGAL"
734429,"DARJEELING","WEST BENGAL"
734434,"DARJEELING","WEST BENGAL"
734501,"JALPAIGURI","WEST BENGAL"
734503,"KALIMPONG","WEST BENGAL"
735101,"JALPAIGURI","WEST BENGAL"
735102,"JALPAIGURI","WEST BENGAL"
735121,"JALPAIGURI","WEST BENGAL"
735122,"COOCHBEHAR","WEST BENGAL"
735132,"JALPAIGURI","WEST BENGAL"
735133,"JALPAIGURI","WEST BENGAL"
735134,"JALPAIGURI","WEST BENGAL"
735135,"JALPAIGURI","WEST BENGAL"
735202,"JALPAIGURI","WEST BENGAL"
735203,"JALPAIGURI","WEST BENGAL"
735204,"Alipurduar","WEST BENGAL"
735205,"JALPAIGURI","WEST BENGAL"
735206,"JALPAIGURI","WEST BENGAL"
735207,"JALPAIGURI","WEST BENGAL"
735208,"Alipurduar","WEST BENGAL"
735209,"JALPAIGURI","WEST BENGAL"
735210,"JALPAIGURI","WEST BENGAL"
735211,"Alipurduar","WEST BENGAL"
735212,"JALPAIGURI","WEST BENGAL"
735213,"Alipurduar","WEST BENGAL"
735214,"Alipurduar","WEST BENGAL"
735215,"Alipurduar","WEST BENGAL"
735216,"Alipurduar","WEST BENGAL"
735217,"Alipurduar","WEST BENGAL"
735218,"JALPAIGURI","WEST BENGAL"
735219,"JALPAIGURI","WEST BENGAL"
735220,"Alipurduar","WEST BENGAL"
735221,"JALPAIGURI","WEST BENGAL"
735222,"JALPAIGURI","WEST BENGAL"
735223,"KALIMPONG","WEST BENGAL"
735224,"JALPAIGURI","WEST BENGAL"
735225,"JALPAIGURI","WEST BENGAL"
735226,"Alipurduar","WEST BENGAL"
735227,"Alipurduar","WEST BENGAL"
735228,"Alipurduar","WEST BENGAL"
735229,"JALPAIGURI","WEST BENGAL"
735230,"JALPAIGURI","WEST BENGAL"
735231,"KALIMPONG","WEST BENGAL"
735232,"JALPAIGURI","WEST BENGAL"
735233,"JALPAIGURI","WEST BENGAL"
735234,"JALPAIGURI","WEST BENGAL"
735301,"COOCHBEHAR","WEST BENGAL"
735302,"JALPAIGURI","WEST BENGAL"
735303,"COOCHBEHAR","WEST BENGAL"
735304,"COOCHBEHAR","WEST BENGAL"
735305,"JALPAIGURI","WEST BENGAL"
736101,"COOCHBEHAR","WEST BENGAL"
736121,"Alipurduar","WEST BENGAL"
736122,"Alipurduar","WEST BENGAL"
736123,"Alipurduar","WEST BENGAL"
736131,"COOCHBEHAR","WEST BENGAL"
736133,"COOCHBEHAR","WEST BENGAL"
736134,"COOCHBEHAR","WEST BENGAL"
736135,"COOCHBEHAR","WEST BENGAL"
736145,"COOCHBEHAR","WEST BENGAL"
736146,"COOCHBEHAR","WEST BENGAL"
736156,"COOCHBEHAR","WEST BENGAL"
736157,"COOCHBEHAR","WEST BENGAL"
736158,"COOCHBEHAR","WEST BENGAL"
736159,"COOCHBEHAR","WEST BENGAL"
736160,"COOCHBEHAR","WEST BENGAL"
736165,"COOCHBEHAR","WEST BENGAL"
736167,"COOCHBEHAR","WEST BENGAL"
736168,"COOCHBEHAR","WEST BENGAL"
736169,"COOCHBEHAR","WEST BENGAL"
736170,"COOCHBEHAR","WEST BENGAL"
736171,"COOCHBEHAR","WEST BENGAL"
736172,"COOCHBEHAR","WEST BENGAL"
736176,"COOCHBEHAR","WEST BENGAL"
736179,"COOCHBEHAR","WEST BENGAL"
736182,"Alipurduar","WEST BENGAL"
736201,"Alipurduar","WEST BENGAL"
736202,"Alipurduar","WEST BENGAL"
736203,"Alipurduar","WEST BENGAL"
736204,"Alipurduar","WEST BENGAL"
736205,"Alipurduar","WEST BENGAL"
736206,"Alipurduar","WEST BENGAL"
736207,"COOCHBEHAR","WEST BENGAL"
736208,"Alipurduar","WEST BENGAL"
736209,"NA","NA"
737101,"EAST DISTRICT","SIKKIM"
737102,"EAST DISTRICT","SIKKIM"
737103,"EAST DISTRICT","SIKKIM"
737106,"Pakyong","SIKKIM"
737107,"EAST DISTRICT","SIKKIM"
737111,"WEST DISTRICT","SIKKIM"
737113,"WEST DISTRICT","SIKKIM"
737116,"NORTH DISTRICT","SIKKIM"
737120,"NORTH DISTRICT","SIKKIM"
737121,"SOUTH DISTRICT","SIKKIM"
737126,"SOUTH DISTRICT","SIKKIM"
737128,"SOUTH DISTRICT","SIKKIM"
737131,"Pakyong","SIKKIM"
737132,"Pakyong","SIKKIM"
737133,"Pakyong","SIKKIM"
737134,"EAST DISTRICT","SIKKIM"
737135,"EAST DISTRICT","SIKKIM"
737136,"EAST DISTRICT","SIKKIM"
737139,"SOUTH DISTRICT","SIKKIM"
741101,"NADIA","WEST BENGAL"
741102,"NADIA","WEST BENGAL"
741103,"NADIA","WEST BENGAL"
741121,"NADIA","WEST BENGAL"
741122,"NADIA","WEST BENGAL"
741123,"NADIA","WEST BENGAL"
741124,"NADIA","WEST BENGAL"
741125,"NADIA","WEST BENGAL"
741126,"NADIA","WEST BENGAL"
741127,"NADIA","WEST BENGAL"
741137,"NADIA","WEST BENGAL"
741138,"NADIA","WEST BENGAL"
741139,"NADIA","WEST BENGAL"
741140,"NADIA","WEST BENGAL"
741150,"NADIA","WEST BENGAL"
741151,"NADIA","WEST BENGAL"
741152,"NADIA","WEST BENGAL"
741153,"NADIA","WEST BENGAL"
741154,"NADIA","WEST BENGAL"
741155,"NADIA","WEST BENGAL"
741156,"NADIA","WEST BENGAL"
741157,"NADIA","WEST BENGAL"
741158,"NADIA","WEST BENGAL"
741159,"NADIA","WEST BENGAL"
741160,"NADIA","WEST BENGAL"
741161,"NADIA","WEST BENGAL"
741162,"NADIA","WEST BENGAL"
741163,"NADIA","WEST BENGAL"
741164,"NADIA","WEST BENGAL"
741165,"NADIA","WEST BENGAL"
741166,"NADIA","WEST BENGAL"
741167,"NADIA","WEST BENGAL"
741181,"NADIA","WEST BENGAL"
741201,"NADIA","WEST BENGAL"
741202,"NADIA","WEST BENGAL"
741221,"NADIA","WEST BENGAL"
741222,"NADIA","WEST BENGAL"
741223,"NADIA","WEST BENGAL"
741232,"NADIA","WEST BENGAL"
741234,"NADIA","WEST BENGAL"
741235,"NADIA","WEST BENGAL"
741238,"NADIA","WEST BENGAL"
741245,"NADIA","WEST BENGAL"
741246,"NADIA","WEST BENGAL"
741247,"NADIA","WEST BENGAL"
741248,"NADIA","WEST BENGAL"
741249,"NADIA","WEST BENGAL"
741250,"NADIA","WEST BENGAL"
741251,"NADIA","WEST BENGAL"
741252,"NADIA","WEST BENGAL"
741253,"NADIA","WEST BENGAL"
741254,"NADIA","WEST BENGAL"
741255,"NADIA","WEST BENGAL"
741256,"NADIA","WEST BENGAL"
741257,"NADIA","WEST BENGAL"
741301,"NADIA","WEST BENGAL"
741302,"NADIA","WEST BENGAL"
741313,"NADIA","WEST BENGAL"
741315,"NADIA","WEST BENGAL"
741316,"NADIA","WEST BENGAL"
741317,"NADIA","WEST BENGAL"
741319,"PURBA BARDHAMAN","WEST BENGAL"
741401,"NADIA","WEST BENGAL"
741402,"NADIA","WEST BENGAL"
741404,"NADIA","WEST BENGAL"
741501,"NADIA","WEST BENGAL"
741502,"NADIA","WEST BENGAL"
741503,"NADIA","WEST BENGAL"
741504,"NADIA","WEST BENGAL"
741505,"NADIA","WEST BENGAL"
741506,"NADIA","WEST BENGAL"
741507,"NADIA","WEST BENGAL"
741508,"NADIA","WEST BENGAL"
741509,"NADIA","WEST BENGAL"
742101,"MURSHIDABAD","WEST BENGAL"
742102,"MURSHIDABAD","WEST BENGAL"
742103,"MURSHIDABAD","WEST BENGAL"
742104,"MURSHIDABAD","WEST BENGAL"
742113,"MURSHIDABAD","WEST BENGAL"
742121,"MURSHIDABAD","WEST BENGAL"
742122,"MURSHIDABAD","WEST BENGAL"
742123,"MURSHIDABAD","WEST BENGAL"
742132,"MURSHIDABAD","WEST BENGAL"
742133,"MURSHIDABAD","WEST BENGAL"
742134,"MURSHIDABAD","WEST BENGAL"
742135,"MURSHIDABAD","WEST BENGAL"
742136,"MURSHIDABAD","WEST BENGAL"
742137,"MURSHIDABAD","WEST BENGAL"
742138,"MURSHIDABAD","WEST BENGAL"
742140,"MURSHIDABAD","WEST BENGAL"
742147,"MURSHIDABAD","WEST BENGAL"
742148,"MURSHIDABAD","WEST BENGAL"
742149,"MURSHIDABAD","WEST BENGAL"
742151,"MURSHIDABAD","WEST BENGAL"
742159,"MURSHIDABAD","WEST BENGAL"
742160,"MURSHIDABAD","WEST BENGAL"
742161,"MURSHIDABAD","WEST BENGAL"
742163,"MURSHIDABAD","WEST BENGAL"
742164,"MURSHIDABAD","WEST BENGAL"
742165,"MURSHIDABAD","WEST BENGAL"
742166,"MURSHIDABAD","WEST BENGAL"
742168,"MURSHIDABAD","WEST BENGAL"
742174,"MURSHIDABAD","WEST BENGAL"
742175,"MURSHIDABAD","WEST BENGAL"
742184,"MURSHIDABAD","WEST BENGAL"
742187,"MURSHIDABAD","WEST BENGAL"
742189,"MURSHIDABAD","WEST BENGAL"
742201,"MURSHIDABAD","WEST BENGAL"
742202,"MURSHIDABAD","WEST BENGAL"
742212,"MURSHIDABAD","WEST BENGAL"
742213,"MURSHIDABAD","WEST BENGAL"
742223,"MURSHIDABAD","WEST BENGAL"
742224,"MURSHIDABAD","WEST BENGAL"
742225,"MURSHIDABAD","WEST BENGAL"
742226,"MURSHIDABAD","WEST BENGAL"
742227,"MURSHIDABAD","WEST BENGAL"
742235,"MURSHIDABAD","WEST BENGAL"
742236,"MURSHIDABAD","WEST BENGAL"
742237,"MURSHIDABAD","WEST BENGAL"
742238,"MURSHIDABAD","WEST BENGAL"
742301,"MURSHIDABAD","WEST BENGAL"
742302,"MURSHIDABAD","WEST BENGAL"
742303,"MURSHIDABAD","WEST BENGAL"
742304,"MURSHIDABAD","WEST BENGAL"
742305,"MURSHIDABAD","WEST BENGAL"
742306,"MURSHIDABAD","WEST BENGAL"
742308,"MURSHIDABAD","WEST BENGAL"
742401,"MURSHIDABAD","WEST BENGAL"
742402,"MURSHIDABAD","WEST BENGAL"
742404,"MURSHIDABAD","WEST BENGAL"
742405,"MURSHIDABAD","WEST BENGAL"
742406,"MURSHIDABAD","WEST BENGAL"
742407,"MURSHIDABAD","WEST BENGAL"
742408,"MURSHIDABAD","WEST BENGAL"
742409,"MURSHIDABAD","WEST BENGAL"
742410,"MURSHIDABAD","WEST BENGAL"
743122,"24 PARAGANAS NORTH","WEST BENGAL"
743123,"24 PARAGANAS NORTH","WEST BENGAL"
743124,"24 PARAGANAS NORTH","WEST BENGAL"
743125,"24 PARAGANAS NORTH","WEST BENGAL"
743126,"24 PARAGANAS NORTH","WEST BENGAL"
743127,"24 PARAGANAS NORTH","WEST BENGAL"
743128,"24 PARAGANAS NORTH","WEST BENGAL"
743129,"24 PARAGANAS NORTH","WEST BENGAL"
743130,"24 PARAGANAS NORTH","WEST BENGAL"
743133,"24 PARAGANAS NORTH","WEST BENGAL"
743134,"24 PARAGANAS NORTH","WEST BENGAL"
743135,"24 PARAGANAS NORTH","WEST BENGAL"
743136,"24 PARAGANAS NORTH","WEST BENGAL"
743144,"24 PARAGANAS NORTH","WEST BENGAL"
743145,"24 PARAGANAS NORTH","WEST BENGAL"
743165,"24 PARAGANAS NORTH","WEST BENGAL"
743166,"24 PARAGANAS NORTH","WEST BENGAL"
743193,"24 PARAGANAS NORTH","WEST BENGAL"
743194,"24 PARAGANAS NORTH","WEST BENGAL"
743221,"24 PARAGANAS NORTH","WEST BENGAL"
743222,"24 PARAGANAS NORTH","WEST BENGAL"
743223,"24 PARAGANAS NORTH","WEST BENGAL"
743232,"24 PARAGANAS NORTH","WEST BENGAL"
743233,"24 PARAGANAS NORTH","WEST BENGAL"
743234,"24 PARAGANAS NORTH","WEST BENGAL"
743235,"24 PARAGANAS NORTH","WEST BENGAL"
743245,"24 PARAGANAS NORTH","WEST BENGAL"
743247,"24 PARAGANAS NORTH","WEST BENGAL"
743248,"24 PARAGANAS NORTH","WEST BENGAL"
743249,"24 PARAGANAS NORTH","WEST BENGAL"
743251,"24 PARAGANAS NORTH","WEST BENGAL"
743252,"24 PARAGANAS NORTH","WEST BENGAL"
743262,"24 PARAGANAS NORTH","WEST BENGAL"
743263,"24 PARAGANAS NORTH","WEST BENGAL"
743268,"24 PARAGANAS NORTH","WEST BENGAL"
743270,"24 PARAGANAS NORTH","WEST BENGAL"
743271,"24 PARAGANAS NORTH","WEST BENGAL"
743272,"24 PARAGANAS NORTH","WEST BENGAL"
743273,"24 PARAGANAS NORTH","WEST BENGAL"
743286,"24 PARAGANAS NORTH","WEST BENGAL"
743287,"24 PARAGANAS NORTH","WEST BENGAL"
743289,"24 PARAGANAS NORTH","WEST BENGAL"
743290,"24 PARAGANAS NORTH","WEST BENGAL"
743291,"24 PARAGANAS NORTH","WEST BENGAL"
743292,"24 PARAGANAS NORTH","WEST BENGAL"
743293,"24 PARAGANAS NORTH","WEST BENGAL"
743294,"24 PARAGANAS NORTH","WEST BENGAL"
743297,"24 PARAGANAS NORTH","WEST BENGAL"
743312,"24 PARAGANAS SOUTH","WEST BENGAL"
743318,"24 PARAGANAS SOUTH","WEST BENGAL"
743329,"24 PARAGANAS NORTH","WEST BENGAL"
743330,"24 PARAGANAS SOUTH","WEST BENGAL"
743331,"24 PARAGANAS SOUTH","WEST BENGAL"
743332,"24 PARAGANAS SOUTH","WEST BENGAL"
743336,"24 PARAGANAS SOUTH","WEST BENGAL"
743337,"24 PARAGANAS SOUTH","WEST BENGAL"
743338,"24 PARAGANAS SOUTH","WEST BENGAL"
743345,"24 PARAGANAS SOUTH","WEST BENGAL"
743347,"24 PARAGANAS SOUTH","WEST BENGAL"
743348,"24 PARAGANAS SOUTH","WEST BENGAL"
743349,"24 PARAGANAS SOUTH","WEST BENGAL"
743351,"24 PARAGANAS SOUTH","WEST BENGAL"
743354,"24 PARAGANAS SOUTH","WEST BENGAL"
743355,"24 PARAGANAS SOUTH","WEST BENGAL"
743356,"24 PARAGANAS SOUTH","WEST BENGAL"
743357,"24 PARAGANAS SOUTH","WEST BENGAL"
743363,"24 PARAGANAS SOUTH","WEST BENGAL"
743368,"24 PARAGANAS SOUTH","WEST BENGAL"
743370,"24 PARAGANAS SOUTH","WEST BENGAL"
743371,"24 PARAGANAS SOUTH","WEST BENGAL"
743372,"24 PARAGANAS SOUTH","WEST BENGAL"
743373,"24 PARAGANAS SOUTH","WEST BENGAL"
743374,"24 PARAGANAS SOUTH","WEST BENGAL"
743375,"24 PARAGANAS SOUTH","WEST BENGAL"
743376,"24 PARAGANAS SOUTH","WEST BENGAL"
743377,"24 PARAGANAS SOUTH","WEST BENGAL"
743378,"24 PARAGANAS SOUTH","WEST BENGAL"
743383,"24 PARAGANAS SOUTH","WEST BENGAL"
743387,"24 PARAGANAS SOUTH","WEST BENGAL"
743395,"24 PARAGANAS SOUTH","WEST BENGAL"
743399,"24 PARAGANAS SOUTH","WEST BENGAL"
743401,"24 PARAGANAS NORTH","WEST BENGAL"
743405,"24 PARAGANAS NORTH","WEST BENGAL"
743411,"24 PARAGANAS NORTH","WEST BENGAL"
743412,"24 PARAGANAS NORTH","WEST BENGAL"
743422,"24 PARAGANAS NORTH","WEST BENGAL"
743423,"24 PARAGANAS NORTH","WEST BENGAL"
743424,"24 PARAGANAS NORTH","WEST BENGAL"
743425,"24 PARAGANAS NORTH","WEST BENGAL"
743426,"24 PARAGANAS NORTH","WEST BENGAL"
743427,"24 PARAGANAS NORTH","WEST BENGAL"
743428,"24 PARAGANAS NORTH","WEST BENGAL"
743429,"24 PARAGANAS NORTH","WEST BENGAL"
743435,"24 PARAGANAS NORTH","WEST BENGAL"
743437,"24 PARAGANAS NORTH","WEST BENGAL"
743438,"24 PARAGANAS NORTH","WEST BENGAL"
743439,"24 PARAGANAS NORTH","WEST BENGAL"
743442,"24 PARAGANAS NORTH","WEST BENGAL"
743445,"24 PARAGANAS NORTH","WEST BENGAL"
743446,"24 PARAGANAS NORTH","WEST BENGAL"
743456,"24 PARAGANAS NORTH","WEST BENGAL"
743502,"24 PARAGANAS SOUTH","WEST BENGAL"
743503,"24 PARAGANAS SOUTH","WEST BENGAL"
743504,"24 PARAGANAS SOUTH","WEST BENGAL"
743513,"24 PARAGANAS SOUTH","WEST BENGAL"
743609,"24 PARAGANAS SOUTH","WEST BENGAL"
743610,"24 PARAGANAS SOUTH","WEST BENGAL"
743611,"24 PARAGANAS SOUTH","WEST BENGAL"
743613,"24 PARAGANAS SOUTH","WEST BENGAL"
743701,"24 PARAGANAS NORTH","WEST BENGAL"
743702,"24 PARAGANAS NORTH","WEST BENGAL"
743704,"24 PARAGANAS NORTH","WEST BENGAL"
743710,"24 PARAGANAS NORTH","WEST BENGAL"
743711,"24 PARAGANAS NORTH","WEST BENGAL"
744101,"SOUTH ANDAMANS","ANDAMAN AND NICOBAR ISLANDS"
744102,"SOUTH ANDAMANS","ANDAMAN AND NICOBAR ISLANDS"
744103,"SOUTH ANDAMANS","ANDAMAN AND NICOBAR ISLANDS"
744104,"SOUTH ANDAMANS","ANDAMAN AND NICOBAR ISLANDS"
744105,"SOUTH ANDAMANS","ANDAMAN AND NICOBAR ISLANDS"
744106,"SOUTH ANDAMANS","ANDAMAN AND NICOBAR ISLANDS"
744107,"SOUTH ANDAMANS","ANDAMAN AND NICOBAR ISLANDS"
744112,"SOUTH ANDAMANS","ANDAMAN AND NICOBAR ISLANDS"
744201,"NORTH AND MIDDLE ANDAMAN","ANDAMAN AND NICOBAR ISLANDS"
744202,"NORTH AND MIDDLE ANDAMAN","ANDAMAN AND NICOBAR ISLANDS"
744203,"NORTH AND MIDDLE ANDAMAN","ANDAMAN AND NICOBAR ISLANDS"
744204,"NORTH AND MIDDLE ANDAMAN","ANDAMAN AND NICOBAR ISLANDS"
744205,"NORTH AND MIDDLE ANDAMAN","ANDAMAN AND NICOBAR ISLANDS"
744206,"SOUTH ANDAMANS","ANDAMAN AND NICOBAR ISLANDS"
744207,"SOUTH ANDAMANS","ANDAMAN AND NICOBAR ISLANDS"
744209,"NORTH AND MIDDLE ANDAMAN","ANDAMAN AND NICOBAR ISLANDS"
744210,"NORTH AND MIDDLE ANDAMAN","ANDAMAN AND NICOBAR ISLANDS"
744211,"SOUTH ANDAMANS","ANDAMAN AND NICOBAR ISLANDS"
744301,"NICOBARS","ANDAMAN AND NICOBAR ISLANDS"
744302,"NICOBARS","ANDAMAN AND NICOBAR ISLANDS"
744303,"NICOBARS","ANDAMAN AND NICOBAR ISLANDS"
744304,"NICOBARS","ANDAMAN AND NICOBAR ISLANDS"
751001,"KHORDHA","ODISHA"
751002,"KHORDHA","ODISHA"
751003,"KHORDHA","ODISHA"
751004,"KHORDHA","ODISHA"
751005,"KHORDHA","ODISHA"
751006,"KHORDHA","ODISHA"
751007,"KHORDHA","ODISHA"
751008,"KHORDHA","ODISHA"
751009,"KHORDHA","ODISHA"
751010,"KHORDHA","ODISHA"
751011,"KHORDHA","ODISHA"
751012,"KHORDHA","ODISHA"
751013,"KHORDHA","ODISHA"
751014,"KHORDHA","ODISHA"
751015,"KHORDHA","ODISHA"
751016,"KHORDHA","ODISHA"
751017,"KHORDHA","ODISHA"
751018,"KHORDHA","ODISHA"
751019,"KHORDHA","ODISHA"
751020,"KHORDHA","ODISHA"
751021,"KHORDHA","ODISHA"
751022,"KHORDHA","ODISHA"
751023,"KHORDHA","ODISHA"
751024,"KHORDHA","ODISHA"
751025,"KHORDHA","ODISHA"
751026,"KHORDHA","ODISHA"
751028,"KHORDHA","ODISHA"
751029,"KHORDHA","ODISHA"
751030,"KHORDHA","ODISHA"
751031,"KHORDHA","ODISHA"
751032,"KHORDHA","ODISHA"
751033,"KHORDHA","ODISHA"
751034,"KHORDHA","ODISHA"
751035,"KHORDHA","ODISHA"
752001,"PURI","ODISHA"
752002,"PURI","ODISHA"
752003,"PURI","ODISHA"
752004,"PURI","ODISHA"
752010,"PURI","ODISHA"
752011,"PURI","ODISHA"
752012,"PURI","ODISHA"
752013,"PURI","ODISHA"
752014,"PURI","ODISHA"
752015,"PURI","ODISHA"
752016,"PURI","ODISHA"
752017,"PURI","ODISHA"
752018,"KHORDHA","ODISHA"
752019,"PURI","ODISHA"
752020,"KHORDHA","ODISHA"
752021,"KHORDHA","ODISHA"
752022,"KHORDHA","ODISHA"
752023,"KHORDHA","ODISHA"
752024,"NAYAGARH","ODISHA"
752025,"NAYAGARH","ODISHA"
752026,"NAYAGARH","ODISHA"
752027,"KHORDHA","ODISHA"
752030,"KHORDHA","ODISHA"
752031,"KHORDHA","ODISHA"
752032,"PURI","ODISHA"
752034,"KHORDHA","ODISHA"
752035,"KHORDHA","ODISHA"
752037,"KHORDHA","ODISHA"
752038,"KHORDHA","ODISHA"
752045,"PURI","ODISHA"
752046,"PURI","ODISHA"
752050,"KHORDHA","ODISHA"
752054,"KHORDHA","ODISHA"
752055,"KHORDHA","ODISHA"
752056,"KHORDHA","ODISHA"
752057,"KHORDHA","ODISHA"
752060,"KHORDHA","ODISHA"
752061,"KHORDHA","ODISHA"
752062,"KHORDHA","ODISHA"
752063,"NAYAGARH","ODISHA"
752064,"KHORDHA","ODISHA"
752065,"NAYAGARH","ODISHA"
752066,"KHORDHA","ODISHA"
752068,"NAYAGARH","ODISHA"
752069,"NAYAGARH","ODISHA"
752070,"NAYAGARH","ODISHA"
752077,"NAYAGARH","ODISHA"
752078,"NAYAGARH","ODISHA"
752079,"NAYAGARH","ODISHA"
752080,"NAYAGARH","ODISHA"
752081,"NAYAGARH","ODISHA"
752082,"NAYAGARH","ODISHA"
752083,"NAYAGARH","ODISHA"
752084,"NAYAGARH","ODISHA"
752085,"NAYAGARH","ODISHA"
752089,"NAYAGARH","ODISHA"
752090,"NAYAGARH","ODISHA"
752091,"NAYAGARH","ODISHA"
752092,"NAYAGARH","ODISHA"
752093,"NAYAGARH","ODISHA"
752094,"NAYAGARH","ODISHA"
752100,"KHORDHA","ODISHA"
752101,"KHORDHA","ODISHA"
752102,"KHORDHA","ODISHA"
752103,"KHORDHA","ODISHA"
752104,"PURI","ODISHA"
752105,"PURI","ODISHA"
752106,"PURI","ODISHA"
752107,"PURI","ODISHA"
752108,"PURI","ODISHA"
752109,"PURI","ODISHA"
752110,"PURI","ODISHA"
752111,"PURI","ODISHA"
752113,"PURI","ODISHA"
752114,"PURI","ODISHA"
752115,"KHORDHA","ODISHA"
752116,"PURI","ODISHA"
752118,"PURI","ODISHA"
752119,"PURI","ODISHA"
752120,"PURI","ODISHA"
752121,"PURI","ODISHA"
753001,"CUTTACK","ODISHA"
753002,"CUTTACK","ODISHA"
753003,"CUTTACK","ODISHA"
753004,"CUTTACK","ODISHA"
753006,"CUTTACK","ODISHA"
753007,"CUTTACK","ODISHA"
753008,"CUTTACK","ODISHA"
753009,"CUTTACK","ODISHA"
753010,"CUTTACK","ODISHA"
753011,"CUTTACK","ODISHA"
753012,"CUTTACK","ODISHA"
753013,"CUTTACK","ODISHA"
753014,"CUTTACK","ODISHA"
753015,"CUTTACK","ODISHA"
753016,"CUTTACK","ODISHA"
754001,"CUTTACK","ODISHA"
754002,"CUTTACK","ODISHA"
754003,"CUTTACK","ODISHA"
754004,"CUTTACK","ODISHA"
754005,"CUTTACK","ODISHA"
754006,"CUTTACK","ODISHA"
754007,"CUTTACK","ODISHA"
754008,"CUTTACK","ODISHA"
754009,"CUTTACK","ODISHA"
754010,"CUTTACK","ODISHA"
754011,"CUTTACK","ODISHA"
754012,"KHORDHA","ODISHA"
754013,"CUTTACK","ODISHA"
754018,"CUTTACK","ODISHA"
754021,"CUTTACK","ODISHA"
754022,"CUTTACK","ODISHA"
754023,"JAJAPUR","ODISHA"
754024,"JAJAPUR","ODISHA"
754025,"CUTTACK","ODISHA"
754026,"CUTTACK","ODISHA"
754027,"CUTTACK","ODISHA"
754028,"CUTTACK","ODISHA"
754029,"CUTTACK","ODISHA"
754030,"CUTTACK","ODISHA"
754031,"CUTTACK","ODISHA"
754032,"CUTTACK","ODISHA"
754034,"CUTTACK","ODISHA"
754035,"CUTTACK","ODISHA"
754037,"CUTTACK","ODISHA"
754071,"CUTTACK","ODISHA"
754082,"JAJAPUR","ODISHA"
754100,"CUTTACK","ODISHA"
754102,"JAGATSINGHAPUR","ODISHA"
754103,"JAGATSINGHAPUR","ODISHA"
754104,"JAGATSINGHAPUR","ODISHA"
754105,"CUTTACK","ODISHA"
754106,"JAGATSINGHAPUR","ODISHA"
754107,"JAGATSINGHAPUR","ODISHA"
754108,"JAGATSINGHAPUR","ODISHA"
754109,"JAGATSINGHAPUR","ODISHA"
754110,"JAGATSINGHAPUR","ODISHA"
754111,"JAGATSINGHAPUR","ODISHA"
754112,"CUTTACK","ODISHA"
754113,"JAGATSINGHAPUR","ODISHA"
754114,"JAGATSINGHAPUR","ODISHA"
754119,"JAGATSINGHAPUR","ODISHA"
754120,"JAGATSINGHAPUR","ODISHA"
754130,"CUTTACK","ODISHA"
754131,"CUTTACK","ODISHA"
754132,"JAGATSINGHAPUR","ODISHA"
754133,"JAGATSINGHAPUR","ODISHA"
754134,"CUTTACK","ODISHA"
754135,"KENDRAPARA","ODISHA"
754136,"JAGATSINGHAPUR","ODISHA"
754137,"JAGATSINGHAPUR","ODISHA"
754138,"JAGATSINGHAPUR","ODISHA"
754139,"JAGATSINGHAPUR","ODISHA"
754140,"JAGATSINGHAPUR","ODISHA"
754141,"JAGATSINGHAPUR","ODISHA"
754142,"JAGATSINGHAPUR","ODISHA"
754145,"JAGATSINGHAPUR","ODISHA"
754153,"KENDRAPARA","ODISHA"
754160,"JAGATSINGHAPUR","ODISHA"
754162,"KENDRAPARA","ODISHA"
754200,"CUTTACK","ODISHA"
754201,"CUTTACK","ODISHA"
754202,"CUTTACK","ODISHA"
754203,"CUTTACK","ODISHA"
754204,"CUTTACK","ODISHA"
754205,"JAJAPUR","ODISHA"
754206,"CUTTACK","ODISHA"
754207,"CUTTACK","ODISHA"
754208,"KENDRAPARA","ODISHA"
754209,"CUTTACK","ODISHA"
754210,"KENDRAPARA","ODISHA"
754211,"KENDRAPARA","ODISHA"
754212,"KENDRAPARA","ODISHA"
754213,"KENDRAPARA","ODISHA"
754214,"KENDRAPARA","ODISHA"
754215,"KENDRAPARA","ODISHA"
754216,"KENDRAPARA","ODISHA"
754217,"KENDRAPARA","ODISHA"
754218,"KENDRAPARA","ODISHA"
754219,"KENDRAPARA","ODISHA"
754220,"KENDRAPARA","ODISHA"
754221,"CUTTACK","ODISHA"
754222,"KENDRAPARA","ODISHA"
754223,"KENDRAPARA","ODISHA"
754224,"KENDRAPARA","ODISHA"
754225,"KENDRAPARA","ODISHA"
754227,"KENDRAPARA","ODISHA"
754228,"KENDRAPARA","ODISHA"
754231,"KENDRAPARA","ODISHA"
754239,"KENDRAPARA","ODISHA"
754240,"KENDRAPARA","ODISHA"
754244,"KENDRAPARA","ODISHA"
754245,"KENDRAPARA","ODISHA"
754246,"KENDRAPARA","ODISHA"
754248,"KENDRAPARA","ODISHA"
754250,"KENDRAPARA","ODISHA"
754253,"KENDRAPARA","ODISHA"
754289,"KENDRAPARA","ODISHA"
754290,"CUTTACK","ODISHA"
754292,"JAJAPUR","ODISHA"
754293,"CUTTACK","ODISHA"
754294,"JAGATSINGHAPUR","ODISHA"
754295,"CUTTACK","ODISHA"
754296,"JAJAPUR","ODISHA"
754297,"CUTTACK","ODISHA"
754298,"CUTTACK","ODISHA"
754299,"CUTTACK","ODISHA"
755001,"JAJAPUR","ODISHA"
755003,"JAJAPUR","ODISHA"
755004,"JAJAPUR","ODISHA"
755005,"JAJAPUR","ODISHA"
755006,"JAJAPUR","ODISHA"
755007,"JAJAPUR","ODISHA"
755008,"JAJAPUR","ODISHA"
755009,"JAJAPUR","ODISHA"
755010,"JAJAPUR","ODISHA"
755011,"JAJAPUR","ODISHA"
755012,"JAJAPUR","ODISHA"
755013,"JAJAPUR","ODISHA"
755014,"JAJAPUR","ODISHA"
755015,"JAJAPUR","ODISHA"
755016,"JAJAPUR","ODISHA"
755017,"JAJAPUR","ODISHA"
755018,"JAJAPUR","ODISHA"
755019,"JAJAPUR","ODISHA"
755020,"JAJAPUR","ODISHA"
755022,"JAJAPUR","ODISHA"
755023,"JAJAPUR","ODISHA"
755024,"JAJAPUR","ODISHA"
755025,"JAJAPUR","ODISHA"
755026,"JAJAPUR","ODISHA"
755027,"JAJAPUR","ODISHA"
755028,"JAJAPUR","ODISHA"
755036,"JAJAPUR","ODISHA"
755043,"JAJAPUR","ODISHA"
755044,"JAJAPUR","ODISHA"
755049,"JAJAPUR","ODISHA"
755050,"JAJAPUR","ODISHA"
755051,"JAJAPUR","ODISHA"
755061,"KENDRAPARA","ODISHA"
755062,"JAJAPUR","ODISHA"
755063,"JAJAPUR","ODISHA"
756001,"BALESHWAR","ODISHA"
756002,"BALESHWAR","ODISHA"
756003,"BALESHWAR","ODISHA"
756019,"BALESHWAR","ODISHA"
756020,"BALESHWAR","ODISHA"
756021,"BALESHWAR","ODISHA"
756022,"BALESHWAR","ODISHA"
756023,"BALESHWAR","ODISHA"
756024,"BALESHWAR","ODISHA"
756025,"BALESHWAR","ODISHA"
756026,"BALESHWAR","ODISHA"
756027,"BALESHWAR","ODISHA"
756028,"BALESHWAR","ODISHA"
756029,"BALESHWAR","ODISHA"
756030,"BALESHWAR","ODISHA"
756032,"BALESHWAR","ODISHA"
756033,"BALESHWAR","ODISHA"
756034,"BALESHWAR","ODISHA"
756035,"BALESHWAR","ODISHA"
756036,"BALESHWAR","ODISHA"
756037,"BALESHWAR","ODISHA"
756038,"BALESHWAR","ODISHA"
756039,"BALESHWAR","ODISHA"
756040,"BALESHWAR","ODISHA"
756041,"BALESHWAR","ODISHA"
756042,"BALESHWAR","ODISHA"
756043,"BALESHWAR","ODISHA"
756044,"BALESHWAR","ODISHA"
756045,"BALESHWAR","ODISHA"
756046,"BHADRAK","ODISHA"
756047,"BALESHWAR","ODISHA"
756048,"BALESHWAR","ODISHA"
756049,"BALESHWAR","ODISHA"
756050,"BALESHWAR","ODISHA"
756051,"BALESHWAR","ODISHA"
756055,"BALESHWAR","ODISHA"
756056,"BALESHWAR","ODISHA"
756058,"BALESHWAR","ODISHA"
756059,"BALESHWAR","ODISHA"
756060,"BALESHWAR","ODISHA"
756079,"BALESHWAR","ODISHA"
756080,"BALESHWAR","ODISHA"
756081,"BALESHWAR","ODISHA"
756083,"BALESHWAR","ODISHA"
756084,"BALESHWAR","ODISHA"
756085,"BALESHWAR","ODISHA"
756086,"BALESHWAR","ODISHA"
756087,"BALESHWAR","ODISHA"
756088,"BALESHWAR","ODISHA"
756089,"BALESHWAR","ODISHA"
756100,"BHADRAK","ODISHA"
756101,"BHADRAK","ODISHA"
756111,"BHADRAK","ODISHA"
756112,"BHADRAK","ODISHA"
756113,"BHADRAK","ODISHA"
756114,"BHADRAK","ODISHA"
756115,"BALESHWAR","ODISHA"
756116,"BHADRAK","ODISHA"
756117,"BHADRAK","ODISHA"
756118,"BHADRAK","ODISHA"
756119,"BHADRAK","ODISHA"
756120,"BHADRAK","ODISHA"
756121,"BHADRAK","ODISHA"
756122,"BHADRAK","ODISHA"
756123,"BHADRAK","ODISHA"
756124,"BHADRAK","ODISHA"
756125,"BHADRAK","ODISHA"
756126,"BALESHWAR","ODISHA"
756127,"BHADRAK","ODISHA"
756128,"BHADRAK","ODISHA"
756129,"BHADRAK","ODISHA"
756130,"BHADRAK","ODISHA"
756131,"BHADRAK","ODISHA"
756132,"BHADRAK","ODISHA"
756133,"BHADRAK","ODISHA"
756134,"BALESHWAR","ODISHA"
756135,"BHADRAK","ODISHA"
756137,"BHADRAK","ODISHA"
756138,"BHADRAK","ODISHA"
756139,"BHADRAK","ODISHA"
756144,"BHADRAK","ODISHA"
756162,"BHADRAK","ODISHA"
756163,"BHADRAK","ODISHA"
756164,"BHADRAK","ODISHA"
756165,"BHADRAK","ODISHA"
756166,"BALESHWAR","ODISHA"
756167,"BHADRAK","ODISHA"
756168,"BHADRAK","ODISHA"
756171,"BHADRAK","ODISHA"
756181,"BHADRAK","ODISHA"
756182,"BALESHWAR","ODISHA"
757001,"MAYURBHANJ","ODISHA"
757002,"MAYURBHANJ","ODISHA"
757003,"MAYURBHANJ","ODISHA"
757014,"MAYURBHANJ","ODISHA"
757016,"MAYURBHANJ","ODISHA"
757017,"MAYURBHANJ","ODISHA"
757018,"MAYURBHANJ","ODISHA"
757019,"MAYURBHANJ","ODISHA"
757020,"MAYURBHANJ","ODISHA"
757021,"MAYURBHANJ","ODISHA"
757022,"MAYURBHANJ","ODISHA"
757023,"MAYURBHANJ","ODISHA"
757024,"MAYURBHANJ","ODISHA"
757025,"MAYURBHANJ","ODISHA"
757026,"MAYURBHANJ","ODISHA"
757027,"MAYURBHANJ","ODISHA"
757028,"MAYURBHANJ","ODISHA"
757029,"MAYURBHANJ","ODISHA"
757030,"MAYURBHANJ","ODISHA"
757031,"MAYURBHANJ","ODISHA"
757032,"MAYURBHANJ","ODISHA"
757033,"MAYURBHANJ","ODISHA"
757034,"MAYURBHANJ","ODISHA"
757035,"MAYURBHANJ","ODISHA"
757036,"MAYURBHANJ","ODISHA"
757037,"MAYURBHANJ","ODISHA"
757038,"MAYURBHANJ","ODISHA"
757039,"MAYURBHANJ","ODISHA"
757040,"MAYURBHANJ","ODISHA"
757041,"MAYURBHANJ","ODISHA"
757042,"MAYURBHANJ","ODISHA"
757043,"MAYURBHANJ","ODISHA"
757045,"MAYURBHANJ","ODISHA"
757046,"MAYURBHANJ","ODISHA"
757047,"MAYURBHANJ","ODISHA"
757048,"MAYURBHANJ","ODISHA"
757049,"MAYURBHANJ","ODISHA"
757050,"MAYURBHANJ","ODISHA"
757051,"MAYURBHANJ","ODISHA"
757052,"MAYURBHANJ","ODISHA"
757053,"MAYURBHANJ","ODISHA"
757054,"MAYURBHANJ","ODISHA"
757055,"MAYURBHANJ","ODISHA"
757056,"MAYURBHANJ","ODISHA"
757073,"MAYURBHANJ","ODISHA"
757074,"MAYURBHANJ","ODISHA"
757075,"MAYURBHANJ","ODISHA"
757077,"MAYURBHANJ","ODISHA"
757079,"MAYURBHANJ","ODISHA"
757081,"MAYURBHANJ","ODISHA"
757082,"MAYURBHANJ","ODISHA"
757083,"MAYURBHANJ","ODISHA"
757084,"MAYURBHANJ","ODISHA"
757085,"MAYURBHANJ","ODISHA"
757086,"MAYURBHANJ","ODISHA"
757087,"MAYURBHANJ","ODISHA"
757091,"MAYURBHANJ","ODISHA"
757092,"MAYURBHANJ","ODISHA"
757093,"MAYURBHANJ","ODISHA"
757100,"MAYURBHANJ","ODISHA"
757101,"MAYURBHANJ","ODISHA"
757102,"MAYURBHANJ","ODISHA"
757103,"MAYURBHANJ","ODISHA"
757104,"MAYURBHANJ","ODISHA"
757105,"MAYURBHANJ","ODISHA"
757106,"MAYURBHANJ","ODISHA"
757107,"MAYURBHANJ","ODISHA"
758001,"KENDUJHAR","ODISHA"
758002,"KENDUJHAR","ODISHA"
758013,"KENDUJHAR","ODISHA"
758014,"KENDUJHAR","ODISHA"
758015,"KENDUJHAR","ODISHA"
758016,"KENDUJHAR","ODISHA"
758017,"KENDUJHAR","ODISHA"
758018,"KENDUJHAR","ODISHA"
758019,"KENDUJHAR","ODISHA"
758020,"KENDUJHAR","ODISHA"
758021,"KENDUJHAR","ODISHA"
758022,"KENDUJHAR","ODISHA"
758023,"KENDUJHAR","ODISHA"
758025,"KENDUJHAR","ODISHA"
758026,"KENDUJHAR","ODISHA"
758027,"KENDUJHAR","ODISHA"
758028,"KENDUJHAR","ODISHA"
758029,"KENDUJHAR","ODISHA"
758030,"KENDUJHAR","ODISHA"
758031,"KENDUJHAR","ODISHA"
758032,"KENDUJHAR","ODISHA"
758034,"KENDUJHAR","ODISHA"
758035,"KENDUJHAR","ODISHA"
758036,"KENDUJHAR","ODISHA"
758037,"KENDUJHAR","ODISHA"
758038,"KENDUJHAR","ODISHA"
758040,"KENDUJHAR","ODISHA"
758041,"KENDUJHAR","ODISHA"
758043,"KENDUJHAR","ODISHA"
758044,"KENDUJHAR","ODISHA"
758045,"KENDUJHAR","ODISHA"
758046,"KENDUJHAR","ODISHA"
758047,"KENDUJHAR","ODISHA"
758076,"KENDUJHAR","ODISHA"
758078,"KENDUJHAR","ODISHA"
758079,"KENDUJHAR","ODISHA"
758080,"KENDUJHAR","ODISHA"
758081,"KENDUJHAR","ODISHA"
758082,"KENDUJHAR","ODISHA"
758083,"KENDUJHAR","ODISHA"
758084,"KENDUJHAR","ODISHA"
758085,"KENDUJHAR","ODISHA"
758086,"KENDUJHAR","ODISHA"
758087,"KENDUJHAR","ODISHA"
759001,"DHENKANAL","ODISHA"
759013,"DHENKANAL","ODISHA"
759014,"DHENKANAL","ODISHA"
759015,"DHENKANAL","ODISHA"
759016,"DHENKANAL","ODISHA"
759017,"DHENKANAL","ODISHA"
759018,"DHENKANAL","ODISHA"
759019,"DHENKANAL","ODISHA"
759020,"DHENKANAL","ODISHA"
759021,"DHENKANAL","ODISHA"
759022,"DHENKANAL","ODISHA"
759023,"DHENKANAL","ODISHA"
759024,"DHENKANAL","ODISHA"
759025,"DHENKANAL","ODISHA"
759026,"DHENKANAL","ODISHA"
759027,"DHENKANAL","ODISHA"
759028,"DHENKANAL","ODISHA"
759029,"DHENKANAL","ODISHA"
759037,"ANUGUL","ODISHA"
759039,"DHENKANAL","ODISHA"
759040,"ANUGUL","ODISHA"
759100,"ANUGUL","ODISHA"
759101,"ANUGUL","ODISHA"
759102,"ANUGUL","ODISHA"
759103,"ANUGUL","ODISHA"
759105,"ANUGUL","ODISHA"
759106,"ANUGUL","ODISHA"
759107,"ANUGUL","ODISHA"
759111,"ANUGUL","ODISHA"
759116,"ANUGUL","ODISHA"
759117,"ANUGUL","ODISHA"
759118,"ANUGUL","ODISHA"
759119,"ANUGUL","ODISHA"
759120,"DHENKANAL","ODISHA"
759121,"DHENKANAL","ODISHA"
759122,"DHENKANAL","ODISHA"
759123,"ANUGUL","ODISHA"
759124,"ANUGUL","ODISHA"
759125,"ANUGUL","ODISHA"
759126,"ANUGUL","ODISHA"
759127,"ANUGUL","ODISHA"
759128,"DHENKANAL","ODISHA"
759129,"ANUGUL","ODISHA"
759130,"ANUGUL","ODISHA"
759132,"ANUGUL","ODISHA"
759141,"ANUGUL","ODISHA"
759143,"ANUGUL","ODISHA"
759145,"ANUGUL","ODISHA"
759146,"DHENKANAL","ODISHA"
759147,"ANUGUL","ODISHA"
759148,"ANUGUL","ODISHA"
759149,"ANUGUL","ODISHA"
759150,"DHENKANAL","ODISHA"
759151,"ANUGUL","ODISHA"
760001,"GANJAM","ODISHA"
760002,"GANJAM","ODISHA"
760003,"GANJAM","ODISHA"
760004,"GANJAM","ODISHA"
760005,"GANJAM","ODISHA"
760006,"GANJAM","ODISHA"
760007,"GANJAM","ODISHA"
760008,"GANJAM","ODISHA"
760009,"GANJAM","ODISHA"
760010,"GANJAM","ODISHA"
760011,"GANJAM","ODISHA"
761001,"GANJAM","ODISHA"
761002,"GANJAM","ODISHA"
761003,"GANJAM","ODISHA"
761004,"GANJAM","ODISHA"
761005,"GANJAM","ODISHA"
761006,"GANJAM","ODISHA"
761007,"GANJAM","ODISHA"
761008,"GANJAM","ODISHA"
761009,"GANJAM","ODISHA"
761010,"GANJAM","ODISHA"
761011,"GANJAM","ODISHA"
761012,"GANJAM","ODISHA"
761013,"GANJAM","ODISHA"
761014,"GANJAM","ODISHA"
761015,"GAJAPATI","ODISHA"
761016,"GAJAPATI","ODISHA"
761017,"GAJAPATI","ODISHA"
761018,"GANJAM","ODISHA"
761019,"GANJAM","ODISHA"
761020,"GANJAM","ODISHA"
761025,"GANJAM","ODISHA"
761026,"GANJAM","ODISHA"
761027,"GANJAM","ODISHA"
761028,"GANJAM","ODISHA"
761029,"GANJAM","ODISHA"
761030,"GANJAM","ODISHA"
761031,"GANJAM","ODISHA"
761032,"GANJAM","ODISHA"
761035,"GANJAM","ODISHA"
761037,"GANJAM","ODISHA"
761041,"GANJAM","ODISHA"
761042,"GANJAM","ODISHA"
761043,"GANJAM","ODISHA"
761045,"GANJAM","ODISHA"
761052,"GANJAM","ODISHA"
761054,"GANJAM","ODISHA"
761055,"GANJAM","ODISHA"
761100,"GANJAM","ODISHA"
761101,"GANJAM","ODISHA"
761102,"GANJAM","ODISHA"
761103,"GANJAM","ODISHA"
761104,"GANJAM","ODISHA"
761105,"GANJAM","ODISHA"
761106,"GANJAM","ODISHA"
761107,"GANJAM","ODISHA"
761108,"GANJAM","ODISHA"
761109,"GANJAM","ODISHA"
761110,"GANJAM","ODISHA"
761111,"GANJAM","ODISHA"
761114,"GANJAM","ODISHA"
761115,"GANJAM","ODISHA"
761116,"GANJAM","ODISHA"
761117,"GANJAM","ODISHA"
761118,"GANJAM","ODISHA"
761119,"GANJAM","ODISHA"
761120,"GANJAM","ODISHA"
761121,"GANJAM","ODISHA"
761122,"GANJAM","ODISHA"
761123,"GANJAM","ODISHA"
761124,"GANJAM","ODISHA"
761125,"GANJAM","ODISHA"
761126,"GANJAM","ODISHA"
761131,"GANJAM","ODISHA"
761132,"GANJAM","ODISHA"
761133,"GANJAM","ODISHA"
761140,"GANJAM","ODISHA"
761141,"GANJAM","ODISHA"
761143,"GANJAM","ODISHA"
761144,"GANJAM","ODISHA"
761146,"GANJAM","ODISHA"
761151,"KANDHAMAL","ODISHA"
761200,"GAJAPATI","ODISHA"
761201,"GAJAPATI","ODISHA"
761206,"GAJAPATI","ODISHA"
761207,"GAJAPATI","ODISHA"
761208,"GAJAPATI","ODISHA"
761209,"GANJAM","ODISHA"
761210,"GAJAPATI","ODISHA"
761211,"GAJAPATI","ODISHA"
761212,"GAJAPATI","ODISHA"
761213,"GAJAPATI","ODISHA"
761214,"GAJAPATI","ODISHA"
761215,"GAJAPATI","ODISHA"
761217,"GAJAPATI","ODISHA"
762001,"KANDHAMAL","ODISHA"
762002,"KANDHAMAL","ODISHA"
762010,"KANDHAMAL","ODISHA"
762011,"KANDHAMAL","ODISHA"
762012,"BOUDH","ODISHA"
762013,"BOUDH","ODISHA"
762014,"BOUDH","ODISHA"
762015,"BOUDH","ODISHA"
762016,"BOUDH","ODISHA"
762017,"BOUDH","ODISHA"
762018,"BOUDH","ODISHA"
762019,"KANDHAMAL","ODISHA"
762020,"BOUDH","ODISHA"
762021,"KANDHAMAL","ODISHA"
762022,"KANDHAMAL","ODISHA"
762023,"BOUDH","ODISHA"
762024,"BOUDH","ODISHA"
762026,"BOUDH","ODISHA"
762027,"KANDHAMAL","ODISHA"
762028,"KANDHAMAL","ODISHA"
762029,"KANDHAMAL","ODISHA"
762030,"BOUDH","ODISHA"
762100,"KANDHAMAL","ODISHA"
762101,"KANDHAMAL","ODISHA"
762102,"KANDHAMAL","ODISHA"
762103,"KANDHAMAL","ODISHA"
762104,"KANDHAMAL","ODISHA"
762105,"KANDHAMAL","ODISHA"
762106,"KANDHAMAL","ODISHA"
762107,"KANDHAMAL","ODISHA"
762109,"KANDHAMAL","ODISHA"
762110,"KANDHAMAL","ODISHA"
762112,"KANDHAMAL","ODISHA"
763001,"KORAPUT","ODISHA"
763002,"KORAPUT","ODISHA"
763003,"KORAPUT","ODISHA"
763004,"KORAPUT","ODISHA"
763008,"KORAPUT","ODISHA"
764001,"KORAPUT","ODISHA"
764002,"KORAPUT","ODISHA"
764003,"KORAPUT","ODISHA"
764004,"KORAPUT","ODISHA"
764005,"KORAPUT","ODISHA"
764006,"KORAPUT","ODISHA"
764011,"KORAPUT","ODISHA"
764014,"KORAPUT","ODISHA"
764020,"KORAPUT","ODISHA"
764021,"KORAPUT","ODISHA"
764027,"KORAPUT","ODISHA"
764028,"KORAPUT","ODISHA"
764036,"KORAPUT","ODISHA"
764037,"KORAPUT","ODISHA"
764038,"KORAPUT","ODISHA"
764039,"KORAPUT","ODISHA"
764040,"KORAPUT","ODISHA"
764041,"KORAPUT","ODISHA"
764042,"KORAPUT","ODISHA"
764043,"KORAPUT","ODISHA"
764044,"MALKANGIRI","ODISHA"
764045,"MALKANGIRI","ODISHA"
764046,"MALKANGIRI","ODISHA"
764047,"MALKANGIRI","ODISHA"
764048,"MALKANGIRI","ODISHA"
764049,"NABARANGPUR","ODISHA"
764051,"MALKANGIRI","ODISHA"
764052,"MALKANGIRI","ODISHA"
764055,"KORAPUT","ODISHA"
764056,"KORAPUT","ODISHA"
764057,"KORAPUT","ODISHA"
764058,"KORAPUT","ODISHA"
764059,"NABARANGPUR","ODISHA"
764061,"NABARANGPUR","ODISHA"
764062,"RAYAGADA","ODISHA"
764063,"NABARANGPUR","ODISHA"
764070,"NABARANGPUR","ODISHA"
764071,"NABARANGPUR","ODISHA"
764072,"NABARANGPUR","ODISHA"
764073,"NABARANGPUR","ODISHA"
764074,"NABARANGPUR","ODISHA"
764075,"NABARANGPUR","ODISHA"
764076,"NABARANGPUR","ODISHA"
764077,"NABARANGPUR","ODISHA"
764078,"NABARANGPUR","ODISHA"
764081,"KORAPUT","ODISHA"
764085,"NABARANGPUR","ODISHA"
764086,"MALKANGIRI","ODISHA"
764087,"MALKANGIRI","ODISHA"
764088,"NABARANGPUR","ODISHA"
765001,"RAYAGADA","ODISHA"
765002,"RAYAGADA","ODISHA"
765010,"RAYAGADA","ODISHA"
765011,"RAYAGADA","ODISHA"
765013,"KORAPUT","ODISHA"
765015,"RAYAGADA","ODISHA"
765016,"RAYAGADA","ODISHA"
765017,"RAYAGADA","ODISHA"
765018,"RAYAGADA","ODISHA"
765019,"RAYAGADA","ODISHA"
765020,"RAYAGADA","ODISHA"
765021,"RAYAGADA","ODISHA"
765022,"RAYAGADA","ODISHA"
765023,"RAYAGADA","ODISHA"
765024,"RAYAGADA","ODISHA"
765025,"RAYAGADA","ODISHA"
765026,"RAYAGADA","ODISHA"
765029,"RAYAGADA","ODISHA"
765033,"RAYAGADA","ODISHA"
765034,"RAYAGADA","ODISHA"
766001,"KALAHANDI","ODISHA"
766002,"KALAHANDI","ODISHA"
766003,"KALAHANDI","ODISHA"
766011,"KALAHANDI","ODISHA"
766012,"KALAHANDI","ODISHA"
766013,"KALAHANDI","ODISHA"
766014,"KALAHANDI","ODISHA"
766015,"KALAHANDI","ODISHA"
766016,"KALAHANDI","ODISHA"
766017,"KALAHANDI","ODISHA"
766018,"KALAHANDI","ODISHA"
766019,"KALAHANDI","ODISHA"
766020,"KALAHANDI","ODISHA"
766023,"KALAHANDI","ODISHA"
766026,"KALAHANDI","ODISHA"
766027,"KALAHANDI","ODISHA"
766028,"KALAHANDI","ODISHA"
766029,"KALAHANDI","ODISHA"
766031,"KALAHANDI","ODISHA"
766032,"KALAHANDI","ODISHA"
766036,"KALAHANDI","ODISHA"
766037,"KALAHANDI","ODISHA"
766100,"KALAHANDI","ODISHA"
766101,"KALAHANDI","ODISHA"
766102,"KALAHANDI","ODISHA"
766103,"KALAHANDI","ODISHA"
766104,"NUAPADA","ODISHA"
766105,"NUAPADA","ODISHA"
766106,"NUAPADA","ODISHA"
766107,"NUAPADA","ODISHA"
766108,"NUAPADA","ODISHA"
766110,"KALAHANDI","ODISHA"
766111,"NUAPADA","ODISHA"
766118,"NUAPADA","ODISHA"
767001,"BALANGIR","ODISHA"
767002,"BALANGIR","ODISHA"
767016,"SONEPUR","ODISHA"
767017,"SONEPUR","ODISHA"
767018,"SONEPUR","ODISHA"
767019,"SONEPUR","ODISHA"
767020,"BALANGIR","ODISHA"
767021,"BALANGIR","ODISHA"
767022,"BALANGIR","ODISHA"
767023,"SONEPUR","ODISHA"
767024,"BALANGIR","ODISHA"
767025,"BALANGIR","ODISHA"
767026,"BALANGIR","ODISHA"
767027,"BALANGIR","ODISHA"
767028,"BALANGIR","ODISHA"
767029,"BALANGIR","ODISHA"
767030,"BALANGIR","ODISHA"
767032,"BALANGIR","ODISHA"
767033,"BALANGIR","ODISHA"
767035,"BALANGIR","ODISHA"
767037,"BALANGIR","ODISHA"
767038,"BALANGIR","ODISHA"
767039,"BALANGIR","ODISHA"
767040,"BALANGIR","ODISHA"
767041,"BALANGIR","ODISHA"
767042,"BALANGIR","ODISHA"
767045,"SONEPUR","ODISHA"
767046,"BALANGIR","ODISHA"
767048,"BALANGIR","ODISHA"
767060,"BALANGIR","ODISHA"
767061,"BALANGIR","ODISHA"
767062,"SONEPUR","ODISHA"
767065,"BALANGIR","ODISHA"
767066,"BALANGIR","ODISHA"
767067,"BALANGIR","ODISHA"
767068,"SONEPUR","ODISHA"
767070,"BALANGIR","ODISHA"
767071,"BALANGIR","ODISHA"
768001,"SAMBALPUR","ODISHA"
768002,"SAMBALPUR","ODISHA"
768003,"SAMBALPUR","ODISHA"
768004,"SAMBALPUR","ODISHA"
768005,"SAMBALPUR","ODISHA"
768006,"SAMBALPUR","ODISHA"
768007,"SAMBALPUR","ODISHA"
768016,"SAMBALPUR","ODISHA"
768017,"SAMBALPUR","ODISHA"
768018,"SAMBALPUR","ODISHA"
768019,"SAMBALPUR","ODISHA"
768020,"SAMBALPUR","ODISHA"
768024,"SAMBALPUR","ODISHA"
768025,"SAMBALPUR","ODISHA"
768027,"BARGARH","ODISHA"
768028,"BARGARH","ODISHA"
768029,"BARGARH","ODISHA"
768030,"BARGARH","ODISHA"
768031,"BARGARH","ODISHA"
768032,"BARGARH","ODISHA"
768033,"BARGARH","ODISHA"
768034,"BARGARH","ODISHA"
768035,"BARGARH","ODISHA"
768036,"BARGARH","ODISHA"
768037,"BARGARH","ODISHA"
768038,"BARGARH","ODISHA"
768039,"BARGARH","ODISHA"
768040,"BARGARH","ODISHA"
768042,"BARGARH","ODISHA"
768045,"BARGARH","ODISHA"
768048,"BARGARH","ODISHA"
768049,"BARGARH","ODISHA"
768050,"BARGARH","ODISHA"
768052,"BARGARH","ODISHA"
768053,"BARGARH","ODISHA"
768102,"BARGARH","ODISHA"
768103,"BARGARH","ODISHA"
768104,"BARGARH","ODISHA"
768105,"SAMBALPUR","ODISHA"
768106,"SAMBALPUR","ODISHA"
768107,"SAMBALPUR","ODISHA"
768108,"DEOGARH","ODISHA"
768109,"DEOGARH","ODISHA"
768110,"DEOGARH","ODISHA"
768111,"BARGARH","ODISHA"
768112,"SAMBALPUR","ODISHA"
768113,"SAMBALPUR","ODISHA"
768115,"BARGARH","ODISHA"
768118,"SAMBALPUR","ODISHA"
768119,"DEOGARH","ODISHA"
768121,"DEOGARH","ODISHA"
768200,"SAMBALPUR","ODISHA"
768201,"JHARSUGUDA","ODISHA"
768202,"JHARSUGUDA","ODISHA"
768203,"JHARSUGUDA","ODISHA"
768204,"JHARSUGUDA","ODISHA"
768210,"SAMBALPUR","ODISHA"
768211,"JHARSUGUDA","ODISHA"
768212,"SAMBALPUR","ODISHA"
768213,"JHARSUGUDA","ODISHA"
768214,"SAMBALPUR","ODISHA"
768215,"JHARSUGUDA","ODISHA"
768216,"JHARSUGUDA","ODISHA"
768217,"JHARSUGUDA","ODISHA"
768218,"JHARSUGUDA","ODISHA"
768219,"JHARSUGUDA","ODISHA"
768220,"JHARSUGUDA","ODISHA"
768221,"JHARSUGUDA","ODISHA"
768222,"SAMBALPUR","ODISHA"
768224,"SAMBALPUR","ODISHA"
768225,"JHARSUGUDA","ODISHA"
768226,"JHARSUGUDA","ODISHA"
768227,"SAMBALPUR","ODISHA"
768228,"SAMBALPUR","ODISHA"
768233,"JHARSUGUDA","ODISHA"
768234,"JHARSUGUDA","ODISHA"
769001,"SUNDARGARH","ODISHA"
769002,"SUNDARGARH","ODISHA"
769003,"SUNDARGARH","ODISHA"
769004,"SUNDARGARH","ODISHA"
769005,"SUNDARGARH","ODISHA"
769006,"SUNDARGARH","ODISHA"
769007,"SUNDARGARH","ODISHA"
769008,"SUNDARGARH","ODISHA"
769009,"SUNDARGARH","ODISHA"
769010,"SUNDARGARH","ODISHA"
769011,"SUNDARGARH","ODISHA"
769012,"SUNDARGARH","ODISHA"
769013,"SUNDARGARH","ODISHA"
769014,"SUNDARGARH","ODISHA"
769015,"SUNDARGARH","ODISHA"
769016,"SUNDARGARH","ODISHA"
769017,"SUNDARGARH","ODISHA"
769042,"SUNDARGARH","ODISHA"
769043,"SUNDARGARH","ODISHA"
770001,"SUNDARGARH","ODISHA"
770002,"SUNDARGARH","ODISHA"
770011,"SUNDARGARH","ODISHA"
770012,"SUNDARGARH","ODISHA"
770013,"SUNDARGARH","ODISHA"
770014,"SUNDARGARH","ODISHA"
770015,"SUNDARGARH","ODISHA"
770016,"SUNDARGARH","ODISHA"
770017,"SUNDARGARH","ODISHA"
770018,"SUNDARGARH","ODISHA"
770019,"SUNDARGARH","ODISHA"
770020,"SUNDARGARH","ODISHA"
770021,"SUNDARGARH","ODISHA"
770022,"SUNDARGARH","ODISHA"
770023,"SUNDARGARH","ODISHA"
770024,"SUNDARGARH","ODISHA"
770025,"SUNDARGARH","ODISHA"
770031,"SUNDARGARH","ODISHA"
770032,"SUNDARGARH","ODISHA"
770033,"SUNDARGARH","ODISHA"
770034,"SUNDARGARH","ODISHA"
770035,"SUNDARGARH","ODISHA"
770036,"SUNDARGARH","ODISHA"
770037,"SUNDARGARH","ODISHA"
770038,"SUNDARGARH","ODISHA"
770039,"SUNDARGARH","ODISHA"
770040,"SUNDARGARH","ODISHA"
770041,"SUNDARGARH","ODISHA"
770042,"SUNDARGARH","ODISHA"
770043,"SUNDARGARH","ODISHA"
770044,"SUNDARGARH","ODISHA"
770046,"SUNDARGARH","ODISHA"
770048,"SUNDARGARH","ODISHA"
770051,"SUNDARGARH","ODISHA"
770052,"SUNDARGARH","ODISHA"
770070,"SUNDARGARH","ODISHA"
770072,"SUNDARGARH","ODISHA"
770073,"SUNDARGARH","ODISHA"
770074,"SUNDARGARH","ODISHA"
770075,"SUNDARGARH","ODISHA"
770076,"SUNDARGARH","ODISHA"
781001,"KAMRUP METRO","ASSAM"
781002,"KAMRUP METRO","ASSAM"
781003,"KAMRUP METRO","ASSAM"
781004,"KAMRUP METRO","ASSAM"
781005,"KAMRUP METRO","ASSAM"
781006,"KAMRUP METRO","ASSAM"
781007,"KAMRUP METRO","ASSAM"
781008,"KAMRUP METRO","ASSAM"
781009,"KAMRUP METRO","ASSAM"
781010,"KAMRUP METRO","ASSAM"
781011,"KAMRUP METRO","ASSAM"
781012,"KAMRUP METRO","ASSAM"
781013,"KAMRUP METRO","ASSAM"
781014,"KAMRUP METRO","ASSAM"
781015,"KAMRUP METRO","ASSAM"
781016,"KAMRUP METRO","ASSAM"
781017,"KAMRUP METRO","ASSAM"
781018,"KAMRUP METRO","ASSAM"
781019,"KAMRUP METRO","ASSAM"
781020,"KAMRUP METRO","ASSAM"
781021,"KAMRUP METRO","ASSAM"
781022,"KAMRUP METRO","ASSAM"
781023,"KAMRUP METRO","ASSAM"
781024,"KAMRUP METRO","ASSAM"
781025,"KAMRUP METRO","ASSAM"
781026,"KAMRUP METRO","ASSAM"
781027,"KAMRUP METRO","ASSAM"
781028,"KAMRUP METRO","ASSAM"
781029,"RI BHOI","MEGHALAYA"
781030,"KAMRUP","ASSAM"
781031,"KAMRUP","ASSAM"
781032,"KAMRUP METRO","ASSAM"
781033,"KAMRUP METRO","ASSAM"
781034,"KAMRUP METRO","ASSAM"
781035,"KAMRUP METRO","ASSAM"
781036,"KAMRUP METRO","ASSAM"
781037,"KAMRUP METRO","ASSAM"
781038,"KAMRUP METRO","ASSAM"
781039,"KAMRUP","ASSAM"
781040,"KAMRUP METRO","ASSAM"
781041,"NA","NA"
781101,"KAMRUP","ASSAM"
781102,"KAMRUP","ASSAM"
781103,"KAMRUP","ASSAM"
781104,"KAMRUP","ASSAM"
781120,"KAMRUP","ASSAM"
781121,"KAMRUP","ASSAM"
781122,"KAMRUP","ASSAM"
781123,"KAMRUP","ASSAM"
781124,"KAMRUP","ASSAM"
781125,"KAMRUP","ASSAM"
781126,"NALBARI","ASSAM"
781127,"KAMRUP","ASSAM"
781128,"KAMRUP METRO","ASSAM"
781129,"KAMRUP","ASSAM"
781131,"RI BHOI","MEGHALAYA"
781132,"KAMRUP","ASSAM"
781133,"KAMRUP","ASSAM"
781134,"KAMRUP","ASSAM"
781135,"KAMRUP","ASSAM"
781136,"KAMRUP","ASSAM"
781137,"KAMRUP","ASSAM"
781138,"NALBARI","ASSAM"
781141,"KAMRUP","ASSAM"
781150,"KAMRUP METRO","ASSAM"
781171,"KAMRUP METRO","ASSAM"
781301,"BARPETA","ASSAM"
781302,"BARPETA","ASSAM"
781303,"NALBARI","ASSAM"
781304,"NALBARI","ASSAM"
781305,"BARPETA","ASSAM"
781306,"NALBARI","ASSAM"
781307,"BARPETA","ASSAM"
781308,"BARPETA","ASSAM"
781309,"BARPETA","ASSAM"
781310,"NALBARI","ASSAM"
781311,"BARPETA","ASSAM"
781312,"NALBARI","ASSAM"
781313,"BARPETA","ASSAM"
781314,"BARPETA","ASSAM"
781315,"BARPETA","ASSAM"
781316,"BARPETA","ASSAM"
781317,"BARPETA","ASSAM"
781318,"BARPETA","ASSAM"
781319,"BARPETA","ASSAM"
781320,"BARPETA","ASSAM"
781321,"BARPETA","ASSAM"
781325,"Bajali","ASSAM"
781326,"Bajali","ASSAM"
781327,"BAKSA","ASSAM"
781328,"Bajali","ASSAM"
781329,"BARPETA","ASSAM"
781330,"BAKSA","ASSAM"
781333,"BAKSA","ASSAM"
781334,"NALBARI","ASSAM"
781335,"NALBARI","ASSAM"
781337,"NALBARI","ASSAM"
781338,"NALBARI","ASSAM"
781339,"NALBARI","ASSAM"
781340,"NALBARI","ASSAM"
781341,"NALBARI","ASSAM"
781343,"BAKSA","ASSAM"
781344,"BAKSA","ASSAM"
781346,"BAKSA","ASSAM"
781347,"NALBARI","ASSAM"
781348,"NALBARI","ASSAM"
781349,"NALBARI","ASSAM"
781350,"NALBARI","ASSAM"
781351,"NALBARI","ASSAM"
781352,"BARPETA","ASSAM"
781353,"NALBARI","ASSAM"
781354,"KAMRUP","ASSAM"
781355,"BAKSA","ASSAM"
781360,"BAKSA","ASSAM"
781364,"BAKSA","ASSAM"
781365,"KAMRUP","ASSAM"
781366,"BAKSA","ASSAM"
781367,"BAKSA","ASSAM"
781368,"BAKSA","ASSAM"
781369,"NALBARI","ASSAM"
781370,"NALBARI","ASSAM"
781371,"NALBARI","ASSAM"
781372,"BAKSA","ASSAM"
781373,"BAKSA","ASSAM"
781374,"NALBARI","ASSAM"
781375,"Bajali","ASSAM"
781376,"BAKSA","ASSAM"
781377,"BAKSA","ASSAM"
781378,"NALBARI","ASSAM"
781380,"KAMRUP","ASSAM"
781381,"KAMRUP","ASSAM"
781382,"KAMRUP","ASSAM"
782001,"NAGAON","ASSAM"
782002,"NAGAON","ASSAM"
782003,"NAGAON","ASSAM"
782101,"NAGAON","ASSAM"
782102,"NAGAON","ASSAM"
782103,"NAGAON","ASSAM"
782104,"MARIGAON","ASSAM"
782105,"MARIGAON","ASSAM"
782106,"NAGAON","ASSAM"
782120,"NAGAON","ASSAM"
782121,"MARIGAON","ASSAM"
782122,"NAGAON","ASSAM"
782123,"NAGAON","ASSAM"
782124,"NAGAON","ASSAM"
782125,"NAGAON","ASSAM"
782126,"MARIGAON","ASSAM"
782127,"MARIGAON","ASSAM"
782128,"NAGAON","ASSAM"
782135,"NAGAON","ASSAM"
782136,"NAGAON","ASSAM"
782137,"NAGAON","ASSAM"
782138,"NAGAON","ASSAM"
782139,"NAGAON","ASSAM"
782140,"NAGAON","ASSAM"
782141,"NAGAON","ASSAM"
782142,"NAGAON","ASSAM"
782143,"NAGAON","ASSAM"
782144,"NAGAON","ASSAM"
782401,"KAMRUP METRO","ASSAM"
782402,"KAMRUP METRO","ASSAM"
782403,"KAMRUP METRO","ASSAM"
782410,"MARIGAON","ASSAM"
782411,"MARIGAON","ASSAM"
782412,"MARIGAON","ASSAM"
782413,"WEST KARBI ANGLONG","ASSAM"
782425,"NAGAON","ASSAM"
782426,"NAGAON","ASSAM"
782427,"NAGAON","ASSAM"
782428,"HOJAI","ASSAM"
782429,"HOJAI","ASSAM"
782435,"HOJAI","ASSAM"
782436,"KARBI ANGLONG","ASSAM"
782439,"HOJAI","ASSAM"
782440,"HOJAI","ASSAM"
782441,"KARBI ANGLONG","ASSAM"
782442,"HOJAI","ASSAM"
782445,"HOJAI","ASSAM"
782446,"HOJAI","ASSAM"
782447,"KARBI ANGLONG","ASSAM"
782448,"WEST KARBI ANGLONG","ASSAM"
782450,"NAGAON","ASSAM"
782460,"KARBI ANGLONG","ASSAM"
782461,"KARBI ANGLONG","ASSAM"
782462,"KARBI ANGLONG","ASSAM"
782470,"KARBI ANGLONG","ASSAM"
782480,"KARBI ANGLONG","ASSAM"
782481,"KARBI ANGLONG","ASSAM"
782482,"KARBI ANGLONG","ASSAM"
782485,"WEST KARBI ANGLONG","ASSAM"
782486,"WEST KARBI ANGLONG","ASSAM"
782490,"KARBI ANGLONG","ASSAM"
783101,"GOALPARA","ASSAM"
783120,"GOALPARA","ASSAM"
783122,"GOALPARA","ASSAM"
783123,"GOALPARA","ASSAM"
783124,"GOALPARA","ASSAM"
783125,"GOALPARA","ASSAM"
783126,"GOALPARA","ASSAM"
783127,"SOUTH SALMARA MANCACHAR","ASSAM"
783128,"SOUTH SALMARA MANCACHAR","ASSAM"
783129,"GOALPARA","ASSAM"
783130,"GOALPARA","ASSAM"
783131,"SOUTH SALMARA MANCACHAR","ASSAM"
783132,"GOALPARA","ASSAM"
783133,"GOALPARA","ASSAM"
783134,"GOALPARA","ASSAM"
783135,"SOUTH SALMARA MANCACHAR","ASSAM"
783136,"SOUTH SALMARA MANCACHAR","ASSAM"
783301,"DHUBRI","ASSAM"
783323,"DHUBRI","ASSAM"
783324,"DHUBRI","ASSAM"
783325,"DHUBRI","ASSAM"
783330,"DHUBRI","ASSAM"
783331,"DHUBRI","ASSAM"
783332,"KOKRAJHAR","ASSAM"
783333,"KOKRAJHAR","ASSAM"
783334,"DHUBRI","ASSAM"
783335,"DHUBRI","ASSAM"
783336,"KOKRAJHAR","ASSAM"
783337,"DHUBRI","ASSAM"
783339,"DHUBRI","ASSAM"
783345,"KOKRAJHAR","ASSAM"
783346,"KOKRAJHAR","ASSAM"
783347,"KOKRAJHAR","ASSAM"
783348,"DHUBRI","ASSAM"
783349,"DHUBRI","ASSAM"
783350,"KOKRAJHAR","ASSAM"
783354,"KOKRAJHAR","ASSAM"
783360,"KOKRAJHAR","ASSAM"
783361,"KOKRAJHAR","ASSAM"
783369,"KOKRAJHAR","ASSAM"
783370,"KOKRAJHAR","ASSAM"
783371,"DHUBRI","ASSAM"
783372,"CHIRANG","ASSAM"
783373,"KOKRAJHAR","ASSAM"
783375,"CHIRANG","ASSAM"
783376,"KOKRAJHAR","ASSAM"
783380,"BONGAIGAON","ASSAM"
783381,"BONGAIGAON","ASSAM"
783382,"BONGAIGAON","ASSAM"
783383,"BONGAIGAON","ASSAM"
783384,"BONGAIGAON","ASSAM"
783385,"CHIRANG","ASSAM"
783386,"CHIRANG","ASSAM"
783388,"BONGAIGAON","ASSAM"
783389,"BONGAIGAON","ASSAM"
783390,"CHIRANG","ASSAM"
783391,"CHIRANG","ASSAM"
783392,"BONGAIGAON","ASSAM"
783393,"CHIRANG","ASSAM"
783394,"CHIRANG","ASSAM"
784001,"SONITPUR","ASSAM"
784010,"SONITPUR","ASSAM"
784025,"SONITPUR","ASSAM"
784026,"SONITPUR","ASSAM"
784027,"SONITPUR","ASSAM"
784028,"SONITPUR","ASSAM"
784101,"SONITPUR","ASSAM"
784102,"SONITPUR","ASSAM"
784103,"SONITPUR","ASSAM"
784104,"SONITPUR","ASSAM"
784105,"SONITPUR","ASSAM"
784110,"SONITPUR","ASSAM"
784111,"SONITPUR","ASSAM"
784112,"SONITPUR","ASSAM"
784113,"UDALGURI","ASSAM"
784114,"UDALGURI","ASSAM"
784115,"DARRANG","ASSAM"
784116,"DARRANG","ASSAM"
784117,"SONITPUR","ASSAM"
784125,"DARRANG","ASSAM"
784144,"DARRANG","ASSAM"
784145,"DARRANG","ASSAM"
784146,"DARRANG","ASSAM"
784147,"DARRANG","ASSAM"
784148,"DARRANG","ASSAM"
784149,"SONITPUR","ASSAM"
784150,"SONITPUR","ASSAM"
784153,"SONITPUR","ASSAM"
784154,"SONITPUR","ASSAM"
784160,"LAKHIMPUR","ASSAM"
784161,"LAKHIMPUR","ASSAM"
784163,"LAKHIMPUR","ASSAM"
784164,"LAKHIMPUR","ASSAM"
784165,"LAKHIMPUR","ASSAM"
784166,"Biswanath","ASSAM"
784167,"Biswanath","ASSAM"
784168,"Biswanath","ASSAM"
784169,"Biswanath","ASSAM"
784170,"Biswanath","ASSAM"
784171,"Biswanath","ASSAM"
784172,"Biswanath","ASSAM"
784173,"Biswanath","ASSAM"
784174,"Biswanath","ASSAM"
784175,"Biswanath","ASSAM"
784176,"Biswanath","ASSAM"
784177,"Biswanath","ASSAM"
784178,"Biswanath","ASSAM"
784179,"Biswanath","ASSAM"
784180,"SONITPUR","ASSAM"
784182,"SONITPUR","ASSAM"
784184,"Biswanath","ASSAM"
784189,"Biswanath","ASSAM"
784190,"UDALGURI","ASSAM"
784501,"SONITPUR","ASSAM"
784502,"SONITPUR","ASSAM"
784504,"SONITPUR","ASSAM"
784505,"SONITPUR","ASSAM"
784506,"SONITPUR","ASSAM"
784507,"UDALGURI","ASSAM"
784508,"UDALGURI","ASSAM"
784509,"UDALGURI","ASSAM"
784510,"UDALGURI","ASSAM"
784513,"UDALGURI","ASSAM"
784514,"UDALGURI","ASSAM"
784521,"UDALGURI","ASSAM"
784522,"UDALGURI","ASSAM"
784523,"UDALGURI","ASSAM"
784524,"UDALGURI","ASSAM"
784525,"UDALGURI","ASSAM"
784526,"UDALGURI","ASSAM"
784527,"UDALGURI","ASSAM"
784528,"UDALGURI","ASSAM"
784529,"DARRANG","ASSAM"
785001,"JORHAT","ASSAM"
785004,"JORHAT","ASSAM"
785006,"JORHAT","ASSAM"
785007,"JORHAT","ASSAM"
785008,"JORHAT","ASSAM"
785009,"JORHAT","ASSAM"
785010,"JORHAT","ASSAM"
785013,"JORHAT","ASSAM"
785014,"JORHAT","ASSAM"
785015,"JORHAT","ASSAM"
785101,"JORHAT","ASSAM"
785102,"MAJULI","ASSAM"
785104,"MAJULI","ASSAM"
785105,"MAJULI","ASSAM"
785106,"MAJULI","ASSAM"
785107,"JORHAT","ASSAM"
785108,"JORHAT","ASSAM"
785110,"MAJULI","ASSAM"
785111,"JORHAT","ASSAM"
785112,"JORHAT","ASSAM"
785601,"GOLAGHAT","ASSAM"
785602,"GOLAGHAT","ASSAM"
785603,"GOLAGHAT","ASSAM"
785609,"GOLAGHAT","ASSAM"
785610,"GOLAGHAT","ASSAM"
785611,"GOLAGHAT","ASSAM"
785612,"GOLAGHAT","ASSAM"
785613,"GOLAGHAT","ASSAM"
785614,"GOLAGHAT","ASSAM"
785615,"GOLAGHAT","ASSAM"
785616,"JORHAT","ASSAM"
785618,"GOLAGHAT","ASSAM"
785619,"GOLAGHAT","ASSAM"
785621,"GOLAGHAT","ASSAM"
785622,"GOLAGHAT","ASSAM"
785625,"GOLAGHAT","ASSAM"
785626,"GOLAGHAT","ASSAM"
785630,"JORHAT","ASSAM"
785631,"JORHAT","ASSAM"
785632,"JORHAT","ASSAM"
785633,"JORHAT","ASSAM"
785634,"JORHAT","ASSAM"
785635,"JORHAT","ASSAM"
785636,"JORHAT","ASSAM"
785640,"SIVASAGAR","ASSAM"
785661,"SIVASAGAR","ASSAM"
785662,"SIVASAGAR","ASSAM"
785663,"SIVASAGAR","ASSAM"
785664,"SIVASAGAR","ASSAM"
785665,"SIVASAGAR","ASSAM"
785666,"SIVASAGAR","ASSAM"
785667,"SIVASAGAR","ASSAM"
785669,"SIVASAGAR","ASSAM"
785670,"CHARAIDEO","ASSAM"
785671,"SIVASAGAR","ASSAM"
785672,"SIVASAGAR","ASSAM"
785673,"CHARAIDEO","ASSAM"
785674,"SIVASAGAR","ASSAM"
785675,"DIBRUGARH","ASSAM"
785676,"DIBRUGARH","ASSAM"
785680,"SIVASAGAR","ASSAM"
785681,"SIVASAGAR","ASSAM"
785682,"SIVASAGAR","ASSAM"
785683,"JORHAT","ASSAM"
785684,"SIVASAGAR","ASSAM"
785685,"SIVASAGAR","ASSAM"
785686,"SIVASAGAR","ASSAM"
785687,"SIVASAGAR","ASSAM"
785688,"CHARAIDEO","ASSAM"
785689,"CHARAIDEO","ASSAM"
785690,"CHARAIDEO","ASSAM"
785691,"CHARAIDEO","ASSAM"
785692,"CHARAIDEO","ASSAM"
785693,"CHARAIDEO","ASSAM"
785696,"SIVASAGAR","ASSAM"
785697,"SIVASAGAR","ASSAM"
785698,"CHARAIDEO","ASSAM"
785699,"GOLAGHAT","ASSAM"
785700,"JORHAT","ASSAM"
785701,"SIVASAGAR","ASSAM"
785702,"GOLAGHAT","ASSAM"
785703,"GOLAGHAT","ASSAM"
785704,"JORHAT","ASSAM"
785705,"GOLAGHAT","ASSAM"
786001,"DIBRUGARH","ASSAM"
786002,"DIBRUGARH","ASSAM"
786003,"DIBRUGARH","ASSAM"
786004,"DIBRUGARH","ASSAM"
786006,"DIBRUGARH","ASSAM"
786007,"DIBRUGARH","ASSAM"
786008,"DIBRUGARH","ASSAM"
786010,"DIBRUGARH","ASSAM"
786012,"DIBRUGARH","ASSAM"
786101,"DIBRUGARH","ASSAM"
786102,"DIBRUGARH","ASSAM"
786103,"DIBRUGARH","ASSAM"
786125,"TINSUKIA","ASSAM"
786126,"TINSUKIA","ASSAM"
786145,"TINSUKIA","ASSAM"
786146,"TINSUKIA","ASSAM"
786147,"TINSUKIA","ASSAM"
786148,"TINSUKIA","ASSAM"
786150,"TINSUKIA","ASSAM"
786151,"TINSUKIA","ASSAM"
786152,"TINSUKIA","ASSAM"
786153,"TINSUKIA","ASSAM"
786154,"TINSUKIA","ASSAM"
786155,"TINSUKIA","ASSAM"
786156,"TINSUKIA","ASSAM"
786157,"TINSUKIA","ASSAM"
786158,"TINSUKIA","ASSAM"
786159,"TINSUKIA","ASSAM"
786160,"TINSUKIA","ASSAM"
786170,"TINSUKIA","ASSAM"
786171,"TINSUKIA","ASSAM"
786173,"TINSUKIA","ASSAM"
786174,"TINSUKIA","ASSAM"
786179,"TINSUKIA","ASSAM"
786181,"TINSUKIA","ASSAM"
786182,"TINSUKIA","ASSAM"
786183,"TINSUKIA","ASSAM"
786184,"DIBRUGARH","ASSAM"
786187,"TINSUKIA","ASSAM"
786188,"TINSUKIA","ASSAM"
786189,"TINSUKIA","ASSAM"
786190,"TINSUKIA","ASSAM"
786191,"DIBRUGARH","ASSAM"
786192,"TINSUKIA","ASSAM"
786601,"TINSUKIA","ASSAM"
786602,"DIBRUGARH","ASSAM"
786610,"DIBRUGARH","ASSAM"
786611,"DIBRUGARH","ASSAM"
786612,"DIBRUGARH","ASSAM"
786613,"DIBRUGARH","ASSAM"
786614,"DIBRUGARH","ASSAM"
786621,"DIBRUGARH","ASSAM"
786622,"DIBRUGARH","ASSAM"
786623,"DIBRUGARH","ASSAM"
786692,"DIBRUGARH","ASSAM"
787001,"LAKHIMPUR","ASSAM"
787023,"LAKHIMPUR","ASSAM"
787026,"DHEMAJI","ASSAM"
787031,"LAKHIMPUR","ASSAM"
787032,"LAKHIMPUR","ASSAM"
787033,"LAKHIMPUR","ASSAM"
787034,"DHEMAJI","ASSAM"
787035,"DHEMAJI","ASSAM"
787051,"LAKHIMPUR","ASSAM"
787052,"LAKHIMPUR","ASSAM"
787053,"LAKHIMPUR","ASSAM"
787054,"LAKHIMPUR","ASSAM"
787055,"LAKHIMPUR","ASSAM"
787056,"LAKHIMPUR","ASSAM"
787057,"DHEMAJI","ASSAM"
787058,"DHEMAJI","ASSAM"
787059,"DHEMAJI","ASSAM"
787060,"DHEMAJI","ASSAM"
787061,"DHEMAJI","ASSAM"
787110,"DHEMAJI","ASSAM"
788001,"CACHAR","ASSAM"
788002,"CACHAR","ASSAM"
788003,"CACHAR","ASSAM"
788004,"CACHAR","ASSAM"
788005,"CACHAR","ASSAM"
788006,"CACHAR","ASSAM"
788007,"CACHAR","ASSAM"
788009,"CACHAR","ASSAM"
788010,"CACHAR","ASSAM"
788011,"CACHAR","ASSAM"
788013,"CACHAR","ASSAM"
788014,"CACHAR","ASSAM"
788015,"CACHAR","ASSAM"
788025,"CACHAR","ASSAM"
788026,"CACHAR","ASSAM"
788030,"CACHAR","ASSAM"
788031,"CACHAR","ASSAM"
788098,"CACHAR","ASSAM"
788099,"CACHAR","ASSAM"
788101,"CACHAR","ASSAM"
788102,"CACHAR","ASSAM"
788103,"CACHAR","ASSAM"
788104,"CACHAR","ASSAM"
788106,"CACHAR","ASSAM"
788107,"CACHAR","ASSAM"
788108,"CACHAR","ASSAM"
788109,"CACHAR","ASSAM"
788110,"CACHAR","ASSAM"
788111,"CACHAR","ASSAM"
788112,"CACHAR","ASSAM"
788113,"CACHAR","ASSAM"
788114,"CACHAR","ASSAM"
788115,"CACHAR","ASSAM"
788116,"CACHAR","ASSAM"
788117,"CACHAR","ASSAM"
788118,"CACHAR","ASSAM"
788119,"CACHAR","ASSAM"
788120,"CACHAR","ASSAM"
788121,"CACHAR","ASSAM"
788123,"CACHAR","ASSAM"
788126,"CACHAR","ASSAM"
788127,"CACHAR","ASSAM"
788150,"HAILAKANDI","ASSAM"
788151,"HAILAKANDI","ASSAM"
788152,"KARIMGANJ","ASSAM"
788155,"HAILAKANDI","ASSAM"
788156,"KARIMGANJ","ASSAM"
788160,"HAILAKANDI","ASSAM"
788161,"HAILAKANDI","ASSAM"
788162,"HAILAKANDI","ASSAM"
788163,"HAILAKANDI","ASSAM"
788164,"HAILAKANDI","ASSAM"
788165,"HAILAKANDI","ASSAM"
788166,"KARIMGANJ","ASSAM"
788168,"HAILAKANDI","ASSAM"
788701,"KARIMGANJ","ASSAM"
788709,"KARIMGANJ","ASSAM"
788710,"KARIMGANJ","ASSAM"
788711,"KARIMGANJ","ASSAM"
788712,"KARIMGANJ","ASSAM"
788713,"KARIMGANJ","ASSAM"
788719,"KARIMGANJ","ASSAM"
788720,"KARIMGANJ","ASSAM"
788722,"KARIMGANJ","ASSAM"
788723,"KARIMGANJ","ASSAM"
788724,"KARIMGANJ","ASSAM"
788725,"KARIMGANJ","ASSAM"
788726,"KARIMGANJ","ASSAM"
788727,"KARIMGANJ","ASSAM"
788728,"KARIMGANJ","ASSAM"
788733,"KARIMGANJ","ASSAM"
788734,"KARIMGANJ","ASSAM"
788735,"KARIMGANJ","ASSAM"
788736,"KARIMGANJ","ASSAM"
788737,"KARIMGANJ","ASSAM"
788738,"HAILAKANDI","ASSAM"
788781,"KARIMGANJ","ASSAM"
788801,"HAILAKANDI","ASSAM"
788802,"HAILAKANDI","ASSAM"
788803,"KARIMGANJ","ASSAM"
788804,"CACHAR","ASSAM"
788805,"CACHAR","ASSAM"
788806,"KARIMGANJ","ASSAM"
788815,"CACHAR","ASSAM"
788816,"CACHAR","ASSAM"
788817,"CACHAR","ASSAM"
788818,"DIMA HASAO","ASSAM"
788819,"DIMA HASAO","ASSAM"
788820,"DIMA HASAO","ASSAM"
788830,"DIMA HASAO","ASSAM"
788831,"DIMA HASAO","ASSAM"
788832,"DIMA HASAO","ASSAM"
788931,"DIMA HASAO","ASSAM"
790001,"WEST KAMENG","ARUNACHAL PRADESH"
790002,"WEST KAMENG","ARUNACHAL PRADESH"
790003,"WEST KAMENG","ARUNACHAL PRADESH"
790101,"WEST KAMENG","ARUNACHAL PRADESH"
790102,"PAKKE KESSANG","ARUNACHAL PRADESH"
790103,"PAKKE KESSANG","ARUNACHAL PRADESH"
790104,"TAWANG","ARUNACHAL PRADESH"
790105,"TAWANG","ARUNACHAL PRADESH"
790106,"TAWANG","ARUNACHAL PRADESH"
790114,"WEST KAMENG","ARUNACHAL PRADESH"
790116,"WEST KAMENG","ARUNACHAL PRADESH"
791001,"LOWER SIANG","ARUNACHAL PRADESH"
791002,"UPPER SIANG","ARUNACHAL PRADESH"
791003,"SHI YOMI","ARUNACHAL PRADESH"
791004,"EAST SIANG","ARUNACHAL PRADESH"
791101,"LEPARADA","ARUNACHAL PRADESH"
791102,"SIANG","ARUNACHAL PRADESH"
791103,"EAST SIANG","ARUNACHAL PRADESH"
791104,"EAST SIANG","ARUNACHAL PRADESH"
791105,"UPPER SIANG","ARUNACHAL PRADESH"
791109,"PAPUM PARE","ARUNACHAL PRADESH"
791110,"PAPUM PARE","ARUNACHAL PRADESH"
791111,"PAPUM PARE","ARUNACHAL PRADESH"
791112,"PAPUM PARE","ARUNACHAL PRADESH"
791113,"PAPUM PARE","ARUNACHAL PRADESH"
791114,"PAPUM PARE","ARUNACHAL PRADESH"
791118,"KURUNG KUMEY","ARUNACHAL PRADESH"
791119,"LOWER SUBANSIRI","ARUNACHAL PRADESH"
791120,"LOWER SUBANSIRI","ARUNACHAL PRADESH"
791121,"PAPUM PARE","ARUNACHAL PRADESH"
791122,"UPPER SUBANSIRI","ARUNACHAL PRADESH"
791123,"PAPUM PARE","ARUNACHAL PRADESH"
791125,"LOWER SIANG","ARUNACHAL PRADESH"
791701,"AIZAWL","MIZORAM"
792001,"LOHIT","ARUNACHAL PRADESH"
792055,"CHANGLANG","ARUNACHAL PRADESH"
792056,"CHANGLANG","ARUNACHAL PRADESH"
792101,"DIBANG VALLEY","ARUNACHAL PRADESH"
792102,"NAMSAI","ARUNACHAL PRADESH"
792103,"NAMSAI","ARUNACHAL PRADESH"
792104,"ANJAW","ARUNACHAL PRADESH"
792105,"NAMSAI","ARUNACHAL PRADESH"
792110,"LOWER DIBANG VALLEY","ARUNACHAL PRADESH"
792111,"LOHIT","ARUNACHAL PRADESH"
792120,"CHANGLANG","ARUNACHAL PRADESH"
792121,"CHANGLANG","ARUNACHAL PRADESH"
792122,"CHANGLANG","ARUNACHAL PRADESH"
792123,"CHANGLANG","ARUNACHAL PRADESH"
792124,"PAPUM PARE","ARUNACHAL PRADESH"
792129,"TIRAP","ARUNACHAL PRADESH"
792130,"TIRAP","ARUNACHAL PRADESH"
792131,"LONGDING","ARUNACHAL PRADESH"
793001,"EAST KHASI HILLS","MEGHALAYA"
793002,"EAST KHASI HILLS","MEGHALAYA"
793003,"EAST KHASI HILLS","MEGHALAYA"
793004,"EAST KHASI HILLS","MEGHALAYA"
793005,"EAST KHASI HILLS","MEGHALAYA"
793006,"EAST KHASI HILLS","MEGHALAYA"
793007,"EAST KHASI HILLS","MEGHALAYA"
793008,"EAST KHASI HILLS","MEGHALAYA"
793009,"EAST KHASI HILLS","MEGHALAYA"
793010,"EAST KHASI HILLS","MEGHALAYA"
793011,"EAST KHASI HILLS","MEGHALAYA"
793012,"EAST KHASI HILLS","MEGHALAYA"
793014,"EAST KHASI HILLS","MEGHALAYA"
793015,"EAST KHASI HILLS","MEGHALAYA"
793016,"EAST KHASI HILLS","MEGHALAYA"
793017,"EAST KHASI HILLS","MEGHALAYA"
793018,"EAST KHASI HILLS","MEGHALAYA"
793019,"EAST KHASI HILLS","MEGHALAYA"
793021,"EAST KHASI HILLS","MEGHALAYA"
793022,"EAST KHASI HILLS","MEGHALAYA"
793101,"RI BHOI","MEGHALAYA"
793102,"RI BHOI","MEGHALAYA"
793103,"RI BHOI","MEGHALAYA"
793104,"RI BHOI","MEGHALAYA"
793105,"RI BHOI","MEGHALAYA"
793106,"EAST KHASI HILLS","MEGHALAYA"
793107,"EAST KHASI HILLS","MEGHALAYA"
793108,"EAST KHASI HILLS","MEGHALAYA"
793109,"WEST JAINTIA HILLS","MEGHALAYA"
793110,"EAST KHASI HILLS","MEGHALAYA"
793111,"EAST KHASI HILLS","MEGHALAYA"
793112,"EAST KHASI HILLS","MEGHALAYA"
793113,"EAST KHASI HILLS","MEGHALAYA"
793114,"SOUTH WEST KHASI HILLS","MEGHALAYA"
793115,"EAST KHASI HILLS","MEGHALAYA"
793116,"RI BHOI","MEGHALAYA"
793119,"WEST KHASI HILLS","MEGHALAYA"
793120,"WEST KHASI HILLS","MEGHALAYA"
793121,"EAST KHASI HILLS","MEGHALAYA"
793122,"RI BHOI","MEGHALAYA"
793123,"RI BHOI","MEGHALAYA"
793126,"WEST KHASI HILLS","MEGHALAYA"
793150,"WEST JAINTIA HILLS","MEGHALAYA"
793151,"WEST JAINTIA HILLS","MEGHALAYA"
793160,"EAST JAINTIA HILLS","MEGHALAYA"
793161,"WEST JAINTIA HILLS","MEGHALAYA"
793200,"EAST JAINTIA HILLS","MEGHALAYA"
793210,"EAST JAINTIA HILLS","MEGHALAYA"
794001,"WEST GARO HILLS","MEGHALAYA"
794002,"WEST GARO HILLS","MEGHALAYA"
794003,"WEST GARO HILLS","MEGHALAYA"
794004,"WEST GARO HILLS","MEGHALAYA"
794005,"WEST GARO HILLS","MEGHALAYA"
794101,"WEST GARO HILLS","MEGHALAYA"
794102,"SOUTH GARO HILLS","MEGHALAYA"
794103,"WEST GARO HILLS","MEGHALAYA"
794104,"WEST GARO HILLS","MEGHALAYA"
794105,"WEST GARO HILLS","MEGHALAYA"
794106,"SOUTH WEST GARO HILLS","MEGHALAYA"
794107,"SOUTH GARO HILLS","MEGHALAYA"
794108,"NORTH GARO HILLS","MEGHALAYA"
794109,"WEST GARO HILLS","MEGHALAYA"
794110,"EAST GARO HILLS","MEGHALAYA"
794111,"EAST GARO HILLS","MEGHALAYA"
794112,"WEST GARO HILLS","MEGHALAYA"
794113,"EAST GARO HILLS","MEGHALAYA"
794114,"SOUTH GARO HILLS","MEGHALAYA"
794115,"SOUTH WEST GARO HILLS","MEGHALAYA"
794116,"NA","NA"
795001,"IMPHAL WEST","MANIPUR"
795002,"IMPHAL WEST","MANIPUR"
795003,"IMPHAL EAST","MANIPUR"
795004,"IMPHAL WEST","MANIPUR"
795005,"IMPHAL EAST","MANIPUR"
795006,"PHERZAWL","MANIPUR"
795007,"SENAPATI","MANIPUR"
795008,"IMPHAL EAST","MANIPUR"
795009,"IMPHAL WEST","MANIPUR"
795010,"KANGPOKPI","MANIPUR"
795011,"BISHNUPUR","MANIPUR"
795015,"SENAPATI","MANIPUR"
795101,"CHANDEL","MANIPUR"
795102,"CHANDEL","MANIPUR"
795103,"THOUBAL","MANIPUR"
795104,"SENAPATI","MANIPUR"
795105,"SENAPATI","MANIPUR"
795106,"SENAPATI","MANIPUR"
795107,"KANGPOKPI","MANIPUR"
795112,"KANGPOKPI","MANIPUR"
795113,"KANGPOKPI","MANIPUR"
795114,"IMPHAL EAST","MANIPUR"
795115,"JIRIBAM","MANIPUR"
795116,"JIRIBAM","MANIPUR"
795117,"CHURACHANDPUR","MANIPUR"
795118,"KANGPOKPI","MANIPUR"
795121,"IMPHAL WEST","MANIPUR"
795122,"KANGPOKPI","MANIPUR"
795124,"BISHNUPUR","MANIPUR"
795125,"TAMENGLONG","MANIPUR"
795126,"KANGPOKPI","MANIPUR"
795127,"CHANDEL","MANIPUR"
795128,"CHURACHANDPUR","MANIPUR"
795129,"KANGPOKPI","MANIPUR"
795130,"THOUBAL","MANIPUR"
795131,"TENGNOUPAL","MANIPUR"
795132,"KAKCHING","MANIPUR"
795133,"CHURACHANDPUR","MANIPUR"
795134,"BISHNUPUR","MANIPUR"
795135,"TENGNOUPAL","MANIPUR"
795136,"IMPHAL WEST","MANIPUR"
795138,"NA","NA"
795139,"CHURACHANDPUR","MANIPUR"
795140,"IMPHAL WEST","MANIPUR"
795141,"TAMENGLONG","MANIPUR"
795142,"UKHRUL","MANIPUR"
795143,"PHERZAWL","MANIPUR"
795144,"UKHRUL","MANIPUR"
795145,"KAMJONG","MANIPUR"
795146,"IMPHAL WEST","MANIPUR"
795147,"NONEY","MANIPUR"
795148,"THOUBAL","MANIPUR"
795149,"KANGPOKPI","MANIPUR"
795150,"SENAPATI","MANIPUR"
795159,"NONEY","MANIPUR"
795160,"NA","NA"
796001,"AIZAWL","MIZORAM"
796004,"AIZAWL","MIZORAM"
796005,"AIZAWL","MIZORAM"
796006,"AIZAWL","MIZORAM"
796007,"AIZAWL","MIZORAM"
796008,"AIZAWL","MIZORAM"
796009,"AIZAWL","MIZORAM"
796012,"AIZAWL","MIZORAM"
796014,"AIZAWL","MIZORAM"
796015,"AIZAWL","MIZORAM"
796017,"AIZAWL","MIZORAM"
796070,"KOLASIB","MIZORAM"
796081,"KOLASIB","MIZORAM"
796091,"KOLASIB","MIZORAM"
796101,"KOLASIB","MIZORAM"
796111,"AIZAWL","MIZORAM"
796161,"SERCHHIP","MIZORAM"
796181,"SERCHHIP","MIZORAM"
796184,"SERCHHIP","MIZORAM"
796186,"SERCHHIP","MIZORAM"
796190,"AIZAWL","MIZORAM"
796246,"AIZAWL","MIZORAM"
796261,"SAITUAL","MIZORAM"
796290,"SAITUAL","MIZORAM"
796291,"CHAMPHAI","MIZORAM"
796310,"KHAWZAWL","MIZORAM"
796320,"CHAMPHAI","MIZORAM"
796321,"CHAMPHAI","MIZORAM"
796370,"SERCHHIP","MIZORAM"
796410,"MAMIT","MIZORAM"
796421,"AIZAWL","MIZORAM"
796431,"MAMIT","MIZORAM"
796441,"AIZAWL","MIZORAM"
796470,"AIZAWL","MIZORAM"
796501,"MAMIT","MIZORAM"
796571,"Hnahthial","MIZORAM"
796691,"LUNGLEI","MIZORAM"
796701,"LUNGLEI","MIZORAM"
796710,"LUNGLEI","MIZORAM"
796751,"LUNGLEI","MIZORAM"
796770,"AIZAWL","MIZORAM"
796891,"LAWNGTLAI","MIZORAM"
796901,"LAWNGTLAI","MIZORAM"
797001,"KOHIMA","NAGALAND"
797002,"KOHIMA","NAGALAND"
797003,"KOHIMA","NAGALAND"
797004,"KOHIMA","NAGALAND"
797006,"KOHIMA","NAGALAND"
797099,"WOKHA","NAGALAND"
797101,"PEREN","NAGALAND"
797103,"PEREN","NAGALAND"
797104,"ZUNHEBOTO","NAGALAND"
797105,"KOHIMA","NAGALAND"
797106,"DIMAPUR","NAGALAND"
797107,"PHEK","NAGALAND"
797108,"PHEK","NAGALAND"
797109,"KOHIMA","NAGALAND"
797110,"PEREN","NAGALAND"
797111,"WOKHA","NAGALAND"
797112,"DIMAPUR","NAGALAND"
797113,"DIMAPUR","NAGALAND"
797114,"PHEK","NAGALAND"
797115,"DIMAPUR","NAGALAND"
797116,"DIMAPUR","NAGALAND"
797117,"DIMAPUR","NAGALAND"
797118,"DIMAPUR","NAGALAND"
797120,"KOHIMA","NAGALAND"
797121,"KOHIMA","NAGALAND"
798601,"MOKOKCHUNG","NAGALAND"
798602,"MON","NAGALAND"
798603,"MON","NAGALAND"
798604,"MOKOKCHUNG","NAGALAND"
798607,"MOKOKCHUNG","NAGALAND"
798611,"KIPHIRE","NAGALAND"
798612,"TUENSANG","NAGALAND"
798613,"MOKOKCHUNG","NAGALAND"
798614,"MOKOKCHUNG","NAGALAND"
798615,"MOKOKCHUNG","NAGALAND"
798616,"TUENSANG","NAGALAND"
798617,"KOHIMA","NAGALAND"
798618,"MOKOKCHUNG","NAGALAND"
798620,"ZUNHEBOTO","NAGALAND"
798621,"MON","NAGALAND"
798622,"MON","NAGALAND"
798623,"MOKOKCHUNG","NAGALAND"
798625,"LONGLENG","NAGALAND"
798626,"KOHIMA","NAGALAND"
798627,"ZUNHEBOTO","NAGALAND"
798628,"TUENSANG","NAGALAND"
799001,"NA","NA"
799002,"West Tripura","TRIPURA"
799003,"West Tripura","TRIPURA"
799004,"West Tripura","TRIPURA"
799005,"West Tripura","TRIPURA"
799006,"West Tripura","TRIPURA"
799007,"West Tripura","TRIPURA"
799008,"West Tripura","TRIPURA"
799009,"West Tripura","TRIPURA"
799010,"West Tripura","TRIPURA"
799011,"Sepahijala","TRIPURA"
799012,"West Tripura","TRIPURA"
799013,"Gomati","TRIPURA"
799014,"West Tripura","TRIPURA"
799015,"West Tripura","TRIPURA"
799022,"West Tripura","TRIPURA"
799035,"West Tripura","TRIPURA"
799045,"West Tripura","TRIPURA"
799046,"West Tripura","TRIPURA"
799101,"Gomati","TRIPURA"
799102,"Sepahijala","TRIPURA"
799103,"Sepahijala","TRIPURA"
799104,"Gomati","TRIPURA"
799105,"Gomati","TRIPURA"
799113,"Gomati","TRIPURA"
799114,"Gomati","TRIPURA"
799115,"Sepahijala","TRIPURA"
799120,"Gomati","TRIPURA"
799125,"South Tripura","TRIPURA"
799130,"West Tripura","TRIPURA"
799131,"Sepahijala","TRIPURA"
799132,"Sepahijala","TRIPURA"
799141,"South Tripura","TRIPURA"
799142,"South Tripura","TRIPURA"
799143,"South Tripura","TRIPURA"
799144,"South Tripura","TRIPURA"
799145,"South Tripura","TRIPURA"
799150,"South Tripura","TRIPURA"
799153,"South Tripura","TRIPURA"
799155,"South Tripura","TRIPURA"
799156,"South Tripura","TRIPURA"
799157,"South Tripura","TRIPURA"
799201,"Khowai","TRIPURA"
799202,"Khowai","TRIPURA"
799203,"Khowai","TRIPURA"
799204,"Dhalai","TRIPURA"
799205,"Khowai","TRIPURA"
799207,"Khowai","TRIPURA"
799210,"West Tripura","TRIPURA"
799211,"West Tripura","TRIPURA"
799212,"West Tripura","TRIPURA"
799250,"North Tripura","TRIPURA"
799251,"North Tripura","TRIPURA"
799253,"North Tripura","TRIPURA"
799254,"North Tripura","TRIPURA"
799256,"North Tripura","TRIPURA"
799260,"North Tripura","TRIPURA"
799261,"North Tripura","TRIPURA"
799262,"North Tripura","TRIPURA"
799263,"Unakoti","TRIPURA"
799264,"Unakoti","TRIPURA"
799266,"Dhalai","TRIPURA"
799269,"North Tripura","TRIPURA"
799270,"North Tripura","TRIPURA"
799271,"North Tripura","TRIPURA"
799273,"Dhalai","TRIPURA"
799275,"Dhalai","TRIPURA"
799277,"Unakoti","TRIPURA"
799278,"Dhalai","TRIPURA"
799279,"Unakoti","TRIPURA"
799280,"Unakoti","TRIPURA"
799281,"Unakoti","TRIPURA"
799282,"Unakoti","TRIPURA"
799284,"Dhalai","TRIPURA"
799285,"Dhalai","TRIPURA"
799286,"Dhalai","TRIPURA"
799287,"Dhalai","TRIPURA"
799288,"Unakoti","TRIPURA"
799289,"Dhalai","TRIPURA"
799290,"Unakoti","TRIPURA"
800001,"PATNA","BIHAR"
800002,"PATNA","BIHAR"
800003,"PATNA","BIHAR"
800004,"PATNA","BIHAR"
800005,"PATNA","BIHAR"
800006,"PATNA","BIHAR"
800007,"PATNA","BIHAR"
800008,"PATNA","BIHAR"
800009,"PATNA","BIHAR"
800010,"PATNA","BIHAR"
800011,"PATNA","BIHAR"
800012,"PATNA","BIHAR"
800013,"PATNA","BIHAR"
800014,"PATNA","BIHAR"
800015,"PATNA","BIHAR"
800016,"PATNA","BIHAR"
800017,"PATNA","BIHAR"
800019,"PATNA","BIHAR"
800020,"PATNA","BIHAR"
800021,"PATNA","BIHAR"
800022,"PATNA","BIHAR"
800023,"PATNA","BIHAR"
800024,"PATNA","BIHAR"
800025,"PATNA","BIHAR"
800026,"PATNA","BIHAR"
800027,"PATNA","BIHAR"
800028,"PATNA","BIHAR"
800030,"PATNA","BIHAR"
800031,"PATNA","BIHAR"
800032,"PATNA","BIHAR"
800033,"NA","NA"
800034,"PATNA","BIHAR"
800035,"PATNA","BIHAR"
800036,"NA","NA"
801102,"PATNA","BIHAR"
801103,"PATNA","BIHAR"
801104,"PATNA","BIHAR"
801105,"PATNA","BIHAR"
801106,"PATNA","BIHAR"
801107,"PATNA","BIHAR"
801108,"PATNA","BIHAR"
801109,"PATNA","BIHAR"
801110,"PATNA","BIHAR"
801111,"PATNA","BIHAR"
801112,"PATNA","BIHAR"
801113,"PATNA","BIHAR"
801301,"NALANDA","BIHAR"
801302,"NAWADA","BIHAR"
801303,"NALANDA","BIHAR"
801304,"PATNA","BIHAR"
801305,"PATNA","BIHAR"
801306,"NALANDA","BIHAR"
801307,"NALANDA","BIHAR"
801308,"NA","NA"
801503,"PATNA","BIHAR"
801505,"PATNA","BIHAR"
801506,"PATNA","BIHAR"
801507,"PATNA","BIHAR"
802101,"BUXAR","BIHAR"
802102,"BUXAR","BIHAR"
802103,"BUXAR","BIHAR"
802111,"BUXAR","BIHAR"
802112,"BUXAR","BIHAR"
802113,"BUXAR","BIHAR"
802114,"BUXAR","BIHAR"
802115,"BUXAR","BIHAR"
802116,"BUXAR","BIHAR"
802117,"BUXAR","BIHAR"
802118,"BUXAR","BIHAR"
802119,"BUXAR","BIHAR"
802120,"BUXAR","BIHAR"
802122,"BUXAR","BIHAR"
802123,"BUXAR","BIHAR"
802125,"BUXAR","BIHAR"
802126,"BUXAR","BIHAR"
802127,"BUXAR","BIHAR"
802128,"BUXAR","BIHAR"
802129,"BUXAR","BIHAR"
802130,"BUXAR","BIHAR"
802131,"BUXAR","BIHAR"
802132,"KAIMUR (BHABUA)","BIHAR"
802133,"BUXAR","BIHAR"
802134,"BUXAR","BIHAR"
802135,"BUXAR","BIHAR"
802136,"BUXAR","BIHAR"
802152,"BHOJPUR","BIHAR"
802154,"BHOJPUR","BIHAR"
802155,"BHOJPUR","BIHAR"
802156,"BHOJPUR","BIHAR"
802157,"BHOJPUR","BIHAR"
802158,"BHOJPUR","BIHAR"
802159,"BHOJPUR","BIHAR"
802160,"BHOJPUR","BIHAR"
802161,"BHOJPUR","BIHAR"
802162,"BHOJPUR","BIHAR"
802163,"BHOJPUR","BIHAR"
802164,"BHOJPUR","BIHAR"
802165,"BHOJPUR","BIHAR"
802166,"BHOJPUR","BIHAR"
802183,"BHOJPUR","BIHAR"
802201,"BHOJPUR","BIHAR"
802202,"BHOJPUR","BIHAR"
802203,"BHOJPUR","BIHAR"
802204,"BHOJPUR","BIHAR"
802205,"BHOJPUR","BIHAR"
802206,"BHOJPUR","BIHAR"
802207,"BHOJPUR","BIHAR"
802208,"BHOJPUR","BIHAR"
802209,"BHOJPUR","BIHAR"
802210,"BHOJPUR","BIHAR"
802211,"ROHTAS","BIHAR"
802212,"ROHTAS","BIHAR"
802213,"ROHTAS","BIHAR"
802214,"ROHTAS","BIHAR"
802215,"ROHTAS","BIHAR"
802216,"ROHTAS","BIHAR"
802217,"ROHTAS","BIHAR"
802218,"ROHTAS","BIHAR"
802219,"ROHTAS","BIHAR"
802220,"ROHTAS","BIHAR"
802221,"ROHTAS","BIHAR"
802222,"BHOJPUR","BIHAR"
802223,"BHOJPUR","BIHAR"
802224,"BHOJPUR","BIHAR"
802226,"ROHTAS","BIHAR"
802301,"BHOJPUR","BIHAR"
802302,"BHOJPUR","BIHAR"
802311,"BHOJPUR","BIHAR"
802312,"BHOJPUR","BIHAR"
802313,"BHOJPUR","BIHAR"
802314,"BHOJPUR","BIHAR"
802316,"BHOJPUR","BIHAR"
802351,"BHOJPUR","BIHAR"
802352,"BHOJPUR","BIHAR"
803101,"NALANDA","BIHAR"
803107,"NALANDA","BIHAR"
803108,"NALANDA","BIHAR"
803109,"NALANDA","BIHAR"
803110,"PATNA","BIHAR"
803111,"NALANDA","BIHAR"
803113,"NALANDA","BIHAR"
803114,"NALANDA","BIHAR"
803115,"NALANDA","BIHAR"
803116,"NALANDA","BIHAR"
803117,"NALANDA","BIHAR"
803118,"NALANDA","BIHAR"
803119,"NALANDA","BIHAR"
803120,"NALANDA","BIHAR"
803121,"NALANDA","BIHAR"
803201,"PATNA","BIHAR"
803202,"NALANDA","BIHAR"
803203,"PATNA","BIHAR"
803211,"PATNA","BIHAR"
803212,"PATNA","BIHAR"
803213,"PATNA","BIHAR"
803214,"PATNA","BIHAR"
803215,"PATNA","BIHAR"
803216,"NALANDA","BIHAR"
803221,"PATNA","BIHAR"
803301,"PATNA","BIHAR"
803302,"PATNA","BIHAR"
803303,"PATNA","BIHAR"
803306,"PATNA","BIHAR"
803307,"PATNA","BIHAR"
804401,"ARWAL","BIHAR"
804402,"ARWAL","BIHAR"
804403,"ARWAL","BIHAR"
804404,"GAYA","BIHAR"
804405,"JEHANABAD","BIHAR"
804406,"JEHANABAD","BIHAR"
804407,"GAYA","BIHAR"
804408,"JEHANABAD","BIHAR"
804409,"AURANGABAD","BIHAR"
804417,"JEHANABAD","BIHAR"
804418,"JEHANABAD","BIHAR"
804419,"ARWAL","BIHAR"
804420,"ARWAL","BIHAR"
804421,"ARWAL","BIHAR"
804422,"JEHANABAD","BIHAR"
804423,"ARWAL","BIHAR"
804424,"ARWAL","BIHAR"
804425,"JEHANABAD","BIHAR"
804426,"ARWAL","BIHAR"
804427,"ARWAL","BIHAR"
804428,"ARWAL","BIHAR"
804429,"JEHANABAD","BIHAR"
804432,"JEHANABAD","BIHAR"
804435,"GAYA","BIHAR"
804451,"JEHANABAD","BIHAR"
804452,"JEHANABAD","BIHAR"
804453,"PATNA","BIHAR"
804454,"NA","NA"
805101,"NAWADA","BIHAR"
805102,"NAWADA","BIHAR"
805103,"NAWADA","BIHAR"
805104,"NAWADA","BIHAR"
805105,"NALANDA","BIHAR"
805106,"NAWADA","BIHAR"
805107,"NAWADA","BIHAR"
805108,"NA","NA"
805109,"NAWADA","BIHAR"
805110,"NAWADA","BIHAR"
805111,"NAWADA","BIHAR"
805112,"NAWADA","BIHAR"
805113,"NAWADA","BIHAR"
805114,"NAWADA","BIHAR"
805121,"NAWADA","BIHAR"
805122,"NAWADA","BIHAR"
805123,"NAWADA","BIHAR"
805124,"NAWADA","BIHAR"
805125,"NAWADA","BIHAR"
805126,"NAWADA","BIHAR"
805127,"NAWADA","BIHAR"
805128,"GAYA","BIHAR"
805129,"NAWADA","BIHAR"
805130,"NAWADA","BIHAR"
805131,"GAYA","BIHAR"
805132,"NAWADA","BIHAR"
805141,"NAWADA","BIHAR"
805142,"NA","NA"
811101,"SHEIKHPURA","BIHAR"
811102,"SHEIKHPURA","BIHAR"
811103,"SHEIKHPURA","BIHAR"
811104,"NALANDA","BIHAR"
811105,"SHEIKHPURA","BIHAR"
811106,"LAKHISARAI","BIHAR"
811107,"SHEIKHPURA","BIHAR"
811112,"LAKHISARAI","BIHAR"
811201,"MUNGER","BIHAR"
811202,"MUNGER","BIHAR"
811211,"MUNGER","BIHAR"
811212,"MUNGER","BIHAR"
811213,"MUNGER","BIHAR"
811214,"MUNGER","BIHAR"
811301,"JAMUI","BIHAR"
811302,"LAKHISARAI","BIHAR"
811303,"JAMUI","BIHAR"
811304,"SHEIKHPURA","BIHAR"
811305,"JAMUI","BIHAR"
811306,"LAKHISARAI","BIHAR"
811307,"JAMUI","BIHAR"
811308,"JAMUI","BIHAR"
811309,"LAKHISARAI","BIHAR"
811310,"LAKHISARAI","BIHAR"
811311,"LAKHISARAI","BIHAR"
811312,"JAMUI","BIHAR"
811313,"JAMUI","BIHAR"
811314,"JAMUI","BIHAR"
811315,"NA","NA"
811316,"JAMUI","BIHAR"
811317,"JAMUI","BIHAR"
812001,"BHAGALPUR","BIHAR"
812002,"BHAGALPUR","BIHAR"
812003,"BHAGALPUR","BIHAR"
812004,"BHAGALPUR","BIHAR"
812005,"BHAGALPUR","BIHAR"
812006,"BHAGALPUR","BIHAR"
812007,"BHAGALPUR","BIHAR"
813101,"BANKA","BIHAR"
813102,"SUPAUL","BIHAR"
813103,"BANKA","BIHAR"
813104,"BANKA","BIHAR"
813105,"BANKA","BIHAR"
813106,"BANKA","BIHAR"
813107,"BANKA","BIHAR"
813108,"BHAGALPUR","BIHAR"
813109,"BANKA","BIHAR"
813110,"BANKA","BIHAR"
813201,"MUNGER","BIHAR"
813202,"BANKA","BIHAR"
813203,"BHAGALPUR","BIHAR"
813204,"BHAGALPUR","BIHAR"
813205,"BANKA","BIHAR"
813206,"BHAGALPUR","BIHAR"
813207,"BANKA","BIHAR"
813208,"GODDA","JHARKHAND"
813209,"BHAGALPUR","BIHAR"
813210,"BHAGALPUR","BIHAR"
813211,"BANKA","BIHAR"
813212,"MUNGER","BIHAR"
813213,"BHAGALPUR","BIHAR"
813214,"BHAGALPUR","BIHAR"
813221,"MUNGER","BIHAR"
813222,"BHAGALPUR","BIHAR"
814101,"DUMKA","JHARKHAND"
814102,"DUMKA","JHARKHAND"
814103,"DUMKA","JHARKHAND"
814110,"DUMKA","JHARKHAND"
814111,"PAKUR","JHARKHAND"
814112,"DEOGHAR","JHARKHAND"
814113,"DEOGHAR","JHARKHAND"
814114,"DEOGHAR","JHARKHAND"
814115,"DEOGHAR","JHARKHAND"
814116,"DEOGHAR","JHARKHAND"
814118,"DUMKA","JHARKHAND"
814119,"DUMKA","JHARKHAND"
814120,"DUMKA","JHARKHAND"
814131,"BANKA","BIHAR"
814133,"GODDA","JHARKHAND"
814141,"DUMKA","JHARKHAND"
814142,"DEOGHAR","JHARKHAND"
814143,"DEOGHAR","JHARKHAND"
814144,"DUMKA","JHARKHAND"
814145,"DUMKA","JHARKHAND"
814146,"DUMKA","JHARKHAND"
814147,"GODDA","JHARKHAND"
814148,"DUMKA","JHARKHAND"
814149,"DEOGHAR","JHARKHAND"
814150,"DEOGHAR","JHARKHAND"
814151,"DUMKA","JHARKHAND"
814152,"DEOGHAR","JHARKHAND"
814153,"GODDA","JHARKHAND"
814154,"GODDA","JHARKHAND"
814155,"GODDA","JHARKHAND"
814156,"GODDA","JHARKHAND"
814157,"DEOGHAR","JHARKHAND"
814158,"DUMKA","JHARKHAND"
814160,"GODDA","JHARKHAND"
814165,"GODDA","JHARKHAND"
814166,"JAMTARA","JHARKHAND"
814167,"DUMKA","JHARKHAND"
814168,"DUMKA","JHARKHAND"
814170,"DUMKA","JHARKHAND"
815117,"PAKUR","JHARKHAND"
815301,"GIRIDIH","JHARKHAND"
815302,"GIRIDIH","JHARKHAND"
815311,"GIRIDIH","JHARKHAND"
815312,"GIRIDIH","JHARKHAND"
815313,"GIRIDIH","JHARKHAND"
815314,"GIRIDIH","JHARKHAND"
815315,"GIRIDIH","JHARKHAND"
815316,"GIRIDIH","JHARKHAND"
815317,"GIRIDIH","JHARKHAND"
815318,"GIRIDIH","JHARKHAND"
815351,"JAMTARA","JHARKHAND"
815352,"JAMTARA","JHARKHAND"
815353,"DEOGHAR","JHARKHAND"
815354,"JAMTARA","JHARKHAND"
815355,"JAMTARA","JHARKHAND"
815357,"DEOGHAR","JHARKHAND"
815359,"JAMTARA","JHARKHAND"
816101,"SAHEBGANJ","JHARKHAND"
816102,"SAHEBGANJ","JHARKHAND"
816103,"PAKUR","JHARKHAND"
816104,"PAKUR","JHARKHAND"
816105,"PAKUR","JHARKHAND"
816106,"PAKUR","JHARKHAND"
816107,"PAKUR","JHARKHAND"
816108,"SAHEBGANJ","JHARKHAND"
816109,"SAHEBGANJ","JHARKHAND"
816110,"SAHEBGANJ","JHARKHAND"
816115,"SAHEBGANJ","JHARKHAND"
816116,"SAHEBGANJ","JHARKHAND"
816117,"PAKUR","JHARKHAND"
816118,"DUMKA","JHARKHAND"
816120,"SAHEBGANJ","JHARKHAND"
816129,"SAHEBGANJ","JHARKHAND"
818142,"DHANBAD","JHARKHAND"
821015,"ROHTAS","BIHAR"
821101,"KAIMUR (BHABUA)","BIHAR"
821102,"KAIMUR (BHABUA)","BIHAR"
821103,"KAIMUR (BHABUA)","BIHAR"
821104,"ROHTAS","BIHAR"
821105,"KAIMUR (BHABUA)","BIHAR"
821106,"KAIMUR (BHABUA)","BIHAR"
821107,"ROHTAS","BIHAR"
821108,"KAIMUR (BHABUA)","BIHAR"
821109,"KAIMUR (BHABUA)","BIHAR"
821110,"KAIMUR (BHABUA)","BIHAR"
821111,"ROHTAS","BIHAR"
821112,"ROHTAS","BIHAR"
821113,"ROHTAS","BIHAR"
821114,"ROHTAS","BIHAR"
821115,"ROHTAS","BIHAR"
821301,"ROHTAS","BIHAR"
821302,"ROHTAS","BIHAR"
821303,"ROHTAS","BIHAR"
821304,"ROHTAS","BIHAR"
821305,"ROHTAS","BIHAR"
821306,"ROHTAS","BIHAR"
821307,"ROHTAS","BIHAR"
821308,"ROHTAS","BIHAR"
821309,"ROHTAS","BIHAR"
821310,"ROHTAS","BIHAR"
821311,"ROHTAS","BIHAR"
821312,"ROHTAS","BIHAR"
822101,"PALAMU","JHARKHAND"
822102,"PALAMU","JHARKHAND"
822110,"PALAMU","JHARKHAND"
822111,"LATEHAR","JHARKHAND"
822112,"GARHWA","JHARKHAND"
822113,"PALAMU","JHARKHAND"
822114,"GARHWA","JHARKHAND"
822115,"PALAMU","JHARKHAND"
822116,"PALAMU","JHARKHAND"
822117,"PALAMU","JHARKHAND"
822118,"PALAMU","JHARKHAND"
822119,"LATEHAR","JHARKHAND"
822120,"GARHWA","JHARKHAND"
822121,"GARHWA","JHARKHAND"
822122,"PALAMU","JHARKHAND"
822123,"PALAMU","JHARKHAND"
822124,"GARHWA","JHARKHAND"
822125,"GARHWA","JHARKHAND"
822126,"LATEHAR","JHARKHAND"
822128,"GARHWA","JHARKHAND"
822129,"GARHWA","JHARKHAND"
822131,"PALAMU","JHARKHAND"
822132,"PALAMU","JHARKHAND"
822133,"PALAMU","JHARKHAND"
822134,"GARHWA","JHARKHAND"
823001,"GAYA","BIHAR"
823002,"GAYA","BIHAR"
823003,"GAYA","BIHAR"
823004,"GAYA","BIHAR"
823005,"GAYA","BIHAR"
823311,"GAYA","BIHAR"
824101,"AURANGABAD","BIHAR"
824102,"AURANGABAD","BIHAR"
824103,"AURANGABAD","BIHAR"
824111,"AURANGABAD","BIHAR"
824112,"AURANGABAD","BIHAR"
824113,"AURANGABAD","BIHAR"
824114,"AURANGABAD","BIHAR"
824115,"AURANGABAD","BIHAR"
824116,"GAYA","BIHAR"
824118,"GAYA","BIHAR"
824120,"AURANGABAD","BIHAR"
824121,"AURANGABAD","BIHAR"
824122,"AURANGABAD","BIHAR"
824123,"AURANGABAD","BIHAR"
824124,"AURANGABAD","BIHAR"
824125,"AURANGABAD","BIHAR"
824126,"AURANGABAD","BIHAR"
824127,"ARWAL","BIHAR"
824129,"AURANGABAD","BIHAR"
824143,"AURANGABAD","BIHAR"
824201,"GAYA","BIHAR"
824202,"AURANGABAD","BIHAR"
824203,"AURANGABAD","BIHAR"
824205,"GAYA","BIHAR"
824206,"GAYA","BIHAR"
824207,"GAYA","BIHAR"
824208,"AURANGABAD","BIHAR"
824209,"GAYA","BIHAR"
824210,"GAYA","BIHAR"
824211,"GAYA","BIHAR"
824217,"GAYA","BIHAR"
824219,"AURANGABAD","BIHAR"
824220,"GAYA","BIHAR"
824221,"GAYA","BIHAR"
824231,"GAYA","BIHAR"
824232,"GAYA","BIHAR"
824233,"GAYA","BIHAR"
824234,"GAYA","BIHAR"
824235,"GAYA","BIHAR"
824236,"GAYA","BIHAR"
824237,"GAYA","BIHAR"
824301,"AURANGABAD","BIHAR"
824302,"AURANGABAD","BIHAR"
824303,"AURANGABAD","BIHAR"
824304,"AURANGABAD","BIHAR"
825101,"RAMGARH","JHARKHAND"
825102,"BOKARO","JHARKHAND"
825103,"CHATRA","JHARKHAND"
825106,"GIRIDIH","JHARKHAND"
825108,"GIRIDIH","JHARKHAND"
825109,"KODERMA","JHARKHAND"
825132,"KODERMA","JHARKHAND"
825167,"GIRIDIH","JHARKHAND"
825301,"HAZARIBAGH","JHARKHAND"
825302,"HAZARIBAGH","JHARKHAND"
825303,"HAZARIBAGH","JHARKHAND"
825311,"HAZARIBAGH","JHARKHAND"
825312,"HAZARIBAGH","JHARKHAND"
825313,"HAZARIBAGH","JHARKHAND"
825314,"NA","NA"
825315,"HAZARIBAGH","JHARKHAND"
825316,"RAMGARH","JHARKHAND"
825317,"HAZARIBAGH","JHARKHAND"
825318,"KODERMA","JHARKHAND"
825319,"HAZARIBAGH","JHARKHAND"
825320,"GIRIDIH","JHARKHAND"
825321,"CHATRA","JHARKHAND"
825322,"GIRIDIH","JHARKHAND"
825323,"HAZARIBAGH","JHARKHAND"
825324,"GIRIDIH","JHARKHAND"
825325,"BOKARO","JHARKHAND"
825326,"RAMGARH","JHARKHAND"
825329,"GIRIDIH","JHARKHAND"
825330,"RAMGARH","JHARKHAND"
825336,"HAZARIBAGH","JHARKHAND"
825401,"CHATRA","JHARKHAND"
825402,"HAZARIBAGH","JHARKHAND"
825403,"CHATRA","JHARKHAND"
825404,"CHATRA","JHARKHAND"
825405,"HAZARIBAGH","JHARKHAND"
825406,"HAZARIBAGH","JHARKHAND"
825407,"KODERMA","JHARKHAND"
825408,"CHATRA","JHARKHAND"
825409,"KODERMA","JHARKHAND"
825410,"KODERMA","JHARKHAND"
825411,"HAZARIBAGH","JHARKHAND"
825412,"GIRIDIH","JHARKHAND"
825413,"HAZARIBAGH","JHARKHAND"
825414,"CHATRA","JHARKHAND"
825415,"CHATRA","JHARKHAND"
825418,"KODERMA","JHARKHAND"
825421,"KODERMA","JHARKHAND"
826001,"DHANBAD","JHARKHAND"
826003,"DHANBAD","JHARKHAND"
826004,"DHANBAD","JHARKHAND"
826005,"DHANBAD","JHARKHAND"
826006,"DHANBAD","JHARKHAND"
826007,"DHANBAD","JHARKHAND"
826008,"DHANBAD","JHARKHAND"
826009,"DHANBAD","JHARKHAND"
826010,"DHANBAD","JHARKHAND"
826011,"DHANBAD","JHARKHAND"
826012,"DHANBAD","JHARKHAND"
826013,"DHANBAD","JHARKHAND"
827001,"BOKARO","JHARKHAND"
827003,"BOKARO","JHARKHAND"
827004,"BOKARO","JHARKHAND"
827006,"BOKARO","JHARKHAND"
827009,"BOKARO","JHARKHAND"
827010,"BOKARO","JHARKHAND"
827012,"BOKARO","JHARKHAND"
827013,"BOKARO","JHARKHAND"
827014,"BOKARO","JHARKHAND"
827015,"BOKARO","JHARKHAND"
827016,"BOKARO","JHARKHAND"
827302,"BOKARO","JHARKHAND"
828101,"DHANBAD","JHARKHAND"
828103,"DHANBAD","JHARKHAND"
828104,"DHANBAD","JHARKHAND"
828105,"DHANBAD","JHARKHAND"
828106,"DHANBAD","JHARKHAND"
828107,"DHANBAD","JHARKHAND"
828108,"DHANBAD","JHARKHAND"
828109,"DHANBAD","JHARKHAND"
828110,"DHANBAD","JHARKHAND"
828111,"DHANBAD","JHARKHAND"
828112,"DHANBAD","JHARKHAND"
828113,"DHANBAD","JHARKHAND"
828114,"DHANBAD","JHARKHAND"
828115,"DHANBAD","JHARKHAND"
828116,"DHANBAD","JHARKHAND"
828117,"DHANBAD","JHARKHAND"
828119,"DHANBAD","JHARKHAND"
828120,"DHANBAD","JHARKHAND"
828121,"DHANBAD","JHARKHAND"
828122,"DHANBAD","JHARKHAND"
828123,"DHANBAD","JHARKHAND"
828124,"DHANBAD","JHARKHAND"
828125,"DHANBAD","JHARKHAND"
828126,"DHANBAD","JHARKHAND"
828127,"DHANBAD","JHARKHAND"
828128,"DHANBAD","JHARKHAND"
828129,"DHANBAD","JHARKHAND"
828130,"DHANBAD","JHARKHAND"
828131,"DHANBAD","JHARKHAND"
828132,"DHANBAD","JHARKHAND"
828133,"DHANBAD","JHARKHAND"
828134,"BOKARO","JHARKHAND"
828135,"DHANBAD","JHARKHAND"
828142,"DHANBAD","JHARKHAND"
828201,"DHANBAD","JHARKHAND"
828202,"DHANBAD","JHARKHAND"
828203,"DHANBAD","JHARKHAND"
828204,"DHANBAD","JHARKHAND"
828205,"DHANBAD","JHARKHAND"
828206,"DHANBAD","JHARKHAND"
828207,"DHANBAD","JHARKHAND"
828301,"DHANBAD","JHARKHAND"
828302,"DHANBAD","JHARKHAND"
828303,"BOKARO","JHARKHAND"
828304,"DHANBAD","JHARKHAND"
828305,"DHANBAD","JHARKHAND"
828306,"DHANBAD","JHARKHAND"
828307,"DHANBAD","JHARKHAND"
828309,"DHANBAD","JHARKHAND"
828401,"DHANBAD","JHARKHAND"
828402,"DHANBAD","JHARKHAND"
828403,"BOKARO","JHARKHAND"
828404,"BOKARO","JHARKHAND"
829101,"RAMGARH","JHARKHAND"
829102,"RAMGARH","JHARKHAND"
829103,"RAMGARH","JHARKHAND"
829104,"BOKARO","JHARKHAND"
829105,"RAMGARH","JHARKHAND"
829106,"RAMGARH","JHARKHAND"
829107,"BOKARO","JHARKHAND"
829108,"RAMGARH","JHARKHAND"
829109,"RAMGARH","JHARKHAND"
829110,"RAMGARH","JHARKHAND"
829111,"BOKARO","JHARKHAND"
829112,"BOKARO","JHARKHAND"
829113,"BOKARO","JHARKHAND"
829114,"BOKARO","JHARKHAND"
829115,"BOKARO","JHARKHAND"
829116,"BOKARO","JHARKHAND"
829117,"RAMGARH","JHARKHAND"
829118,"RAMGARH","JHARKHAND"
829119,"RAMGARH","JHARKHAND"
829121,"BOKARO","JHARKHAND"
829122,"RAMGARH","JHARKHAND"
829123,"BOKARO","JHARKHAND"
829125,"RAMGARH","JHARKHAND"
829126,"RAMGARH","JHARKHAND"
829127,"BOKARO","JHARKHAND"
829128,"BOKARO","JHARKHAND"
829129,"RAMGARH","JHARKHAND"
829130,"RAMGARH","JHARKHAND"
829131,"RAMGARH","JHARKHAND"
829132,"BOKARO","JHARKHAND"
829133,"RAMGARH","JHARKHAND"
829134,"RAMGARH","JHARKHAND"
829135,"RAMGARH","JHARKHAND"
829143,"RAMGARH","JHARKHAND"
829144,"BOKARO","JHARKHAND"
829149,"BOKARO","JHARKHAND"
829150,"RAMGARH","JHARKHAND"
829201,"CHATRA","JHARKHAND"
829202,"LATEHAR","JHARKHAND"
829203,"LATEHAR","JHARKHAND"
829204,"LATEHAR","JHARKHAND"
829205,"RANCHI","JHARKHAND"
829206,"LATEHAR","JHARKHAND"
829207,"LATEHAR","JHARKHAND"
829208,"RANCHI","JHARKHAND"
829209,"RANCHI","JHARKHAND"
829210,"RANCHI","JHARKHAND"
829301,"BOKARO","JHARKHAND"
831001,"EAST SINGHBUM","JHARKHAND"
831002,"SARAIKELA KHARSAWAN","JHARKHAND"
831003,"EAST SINGHBUM","JHARKHAND"
831004,"EAST SINGHBUM","JHARKHAND"
831005,"EAST SINGHBUM","JHARKHAND"
831006,"EAST SINGHBUM","JHARKHAND"
831007,"EAST SINGHBUM","JHARKHAND"
831009,"EAST SINGHBUM","JHARKHAND"
831011,"EAST SINGHBUM","JHARKHAND"
831012,"EAST SINGHBUM","JHARKHAND"
831013,"SARAIKELA KHARSAWAN","JHARKHAND"
831014,"SARAIKELA KHARSAWAN","JHARKHAND"
831015,"EAST SINGHBUM","JHARKHAND"
831016,"EAST SINGHBUM","JHARKHAND"
831017,"EAST SINGHBUM","JHARKHAND"
831019,"EAST SINGHBUM","JHARKHAND"
831020,"EAST SINGHBUM","JHARKHAND"
831021,"EAST SINGHBUM","JHARKHAND"
832101,"EAST SINGHBUM","JHARKHAND"
832102,"EAST SINGHBUM","JHARKHAND"
832103,"EAST SINGHBUM","JHARKHAND"
832104,"EAST SINGHBUM","JHARKHAND"
832105,"EAST SINGHBUM","JHARKHAND"
832106,"EAST SINGHBUM","JHARKHAND"
832107,"EAST SINGHBUM","JHARKHAND"
832108,"SARAIKELA KHARSAWAN","JHARKHAND"
832109,"SARAIKELA KHARSAWAN","JHARKHAND"
832111,"EAST SINGHBUM","JHARKHAND"
832112,"EAST SINGHBUM","JHARKHAND"
832113,"EAST SINGHBUM","JHARKHAND"
832301,"EAST SINGHBUM","JHARKHAND"
832302,"EAST SINGHBUM","JHARKHAND"
832303,"EAST SINGHBUM","JHARKHAND"
832304,"EAST SINGHBUM","JHARKHAND"
832401,"SARAIKELA KHARSAWAN","JHARKHAND"
832402,"SARAIKELA KHARSAWAN","JHARKHAND"
832403,"SARAIKELA KHARSAWAN","JHARKHAND"
832404,"SARAIKELA KHARSAWAN","JHARKHAND"
833101,"SARAIKELA KHARSAWAN","JHARKHAND"
833102,"WEST SINGHBHUM","JHARKHAND"
833103,"WEST SINGHBHUM","JHARKHAND"
833104,"WEST SINGHBHUM","JHARKHAND"
833105,"WEST SINGHBHUM","JHARKHAND"
833106,"WEST SINGHBHUM","JHARKHAND"
833201,"WEST SINGHBHUM","JHARKHAND"
833202,"WEST SINGHBHUM","JHARKHAND"
833203,"WEST SINGHBHUM","JHARKHAND"
833204,"WEST SINGHBHUM","JHARKHAND"
833212,"WEST SINGHBHUM","JHARKHAND"
833213,"WEST SINGHBHUM","JHARKHAND"
833214,"WEST SINGHBHUM","JHARKHAND"
833215,"WEST SINGHBHUM","JHARKHAND"
833216,"SARAIKELA KHARSAWAN","JHARKHAND"
833217,"WEST SINGHBHUM","JHARKHAND"
833218,"WEST SINGHBHUM","JHARKHAND"
833219,"SARAIKELA KHARSAWAN","JHARKHAND"
833220,"SARAIKELA KHARSAWAN","JHARKHAND"
833221,"WEST SINGHBHUM","JHARKHAND"
833222,"WEST SINGHBHUM","JHARKHAND"
833223,"WEST SINGHBHUM","JHARKHAND"
834001,"RANCHI","JHARKHAND"
834002,"RANCHI","JHARKHAND"
834003,"RANCHI","JHARKHAND"
834004,"RANCHI","JHARKHAND"
834005,"RANCHI","JHARKHAND"
834006,"RANCHI","JHARKHAND"
834007,"RANCHI","JHARKHAND"
834008,"RANCHI","JHARKHAND"
834009,"RANCHI","JHARKHAND"
834010,"RANCHI","JHARKHAND"
834011,"RANCHI","JHARKHAND"
834012,"RANCHI","JHARKHAND"
834013,"RANCHI","JHARKHAND"
834014,"RANCHI","JHARKHAND"
835101,"RANCHI","JHARKHAND"
835102,"RANCHI","JHARKHAND"
835103,"RANCHI","JHARKHAND"
835201,"SIMDEGA","JHARKHAND"
835202,"RANCHI","JHARKHAND"
835203,"LOHARDAGA","JHARKHAND"
835204,"RANCHI","JHARKHAND"
835205,"RANCHI","JHARKHAND"
835206,"GUMLA","JHARKHAND"
835207,"GUMLA","JHARKHAND"
835208,"GUMLA","JHARKHAND"
835209,"KHUNTI","JHARKHAND"
835210,"KHUNTI","JHARKHAND"
835211,"SIMDEGA","JHARKHAND"
835212,"SIMDEGA","JHARKHAND"
835213,"LOHARDAGA","JHARKHAND"
835214,"RANCHI","JHARKHAND"
835215,"RANCHI","JHARKHAND"
835216,"KHUNTI","JHARKHAND"
835217,"RANCHI","JHARKHAND"
835218,"GUMLA","JHARKHAND"
835219,"RANCHI","JHARKHAND"
835220,"GUMLA","JHARKHAND"
835221,"KHUNTI","JHARKHAND"
835222,"RANCHI","JHARKHAND"
835223,"SIMDEGA","JHARKHAND"
835224,"GUMLA","JHARKHAND"
835225,"RANCHI","JHARKHAND"
835226,"SIMDEGA","JHARKHAND"
835227,"KHUNTI","JHARKHAND"
835228,"SIMDEGA","JHARKHAND"
835229,"GUMLA","JHARKHAND"
835230,"GUMLA","JHARKHAND"
835231,"GUMLA","JHARKHAND"
835232,"GUMLA","JHARKHAND"
835233,"GUMLA","JHARKHAND"
835234,"RANCHI","JHARKHAND"
835235,"SIMDEGA","JHARKHAND"
835301,"RANCHI","JHARKHAND"
835302,"LOHARDAGA","JHARKHAND"
835303,"RANCHI","JHARKHAND"
835325,"LOHARDAGA","JHARKHAND"
841101,"SARAN","BIHAR"
841201,"SARAN","BIHAR"
841202,"SARAN","BIHAR"
841203,"SIWAN","BIHAR"
841204,"SARAN","BIHAR"
841205,"SARAN","BIHAR"
841206,"SARAN","BIHAR"
841207,"SARAN","BIHAR"
841208,"SARAN","BIHAR"
841209,"SARAN","BIHAR"
841210,"SIWAN","BIHAR"
841211,"SARAN","BIHAR"
841212,"SARAN","BIHAR"
841213,"SARAN","BIHAR"
841214,"SARAN","BIHAR"
841215,"SARAN","BIHAR"
841216,"SARAN","BIHAR"
841217,"SARAN","BIHAR"
841218,"SARAN","BIHAR"
841219,"SARAN","BIHAR"
841220,"SARAN","BIHAR"
841221,"SARAN","BIHAR"
841222,"SARAN","BIHAR"
841223,"SARAN","BIHAR"
841224,"SARAN","BIHAR"
841225,"SARAN","BIHAR"
841226,"SIWAN","BIHAR"
841227,"SIWAN","BIHAR"
841228,"SIWAN","BIHAR"
841231,"SIWAN","BIHAR"
841232,"SIWAN","BIHAR"
841233,"SIWAN","BIHAR"
841234,"SIWAN","BIHAR"
841235,"SIWAN","BIHAR"
841236,"SIWAN","BIHAR"
841237,"SIWAN","BIHAR"
841238,"SIWAN","BIHAR"
841239,"SIWAN","BIHAR"
841240,"SIWAN","BIHAR"
841241,"SIWAN","BIHAR"
841242,"SIWAN","BIHAR"
841243,"SIWAN","BIHAR"
841244,"SIWAN","BIHAR"
841245,"SIWAN","BIHAR"
841286,"SIWAN","BIHAR"
841287,"SIWAN","BIHAR"
841301,"SARAN","BIHAR"
841302,"SARAN","BIHAR"
841305,"SARAN","BIHAR"
841311,"SARAN","BIHAR"
841312,"SARAN","BIHAR"
841313,"SARAN","BIHAR"
841316,"SARAN","BIHAR"
841401,"SARAN","BIHAR"
841402,"SARAN","BIHAR"
841403,"SARAN","BIHAR"
841404,"SIWAN","BIHAR"
841405,"GOPALGANJ","BIHAR"
841406,"SIWAN","BIHAR"
841407,"GOPALGANJ","BIHAR"
841408,"SIWAN","BIHAR"
841409,"GOPALGANJ","BIHAR"
841410,"SARAN","BIHAR"
841411,"SARAN","BIHAR"
841412,"SARAN","BIHAR"
841413,"SIWAN","BIHAR"
841414,"SARAN","BIHAR"
841415,"SARAN","BIHAR"
841416,"SIWAN","BIHAR"
841417,"SARAN","BIHAR"
841418,"SARAN","BIHAR"
841419,"SARAN","BIHAR"
841420,"GOPALGANJ","BIHAR"
841421,"SARAN","BIHAR"
841422,"SARAN","BIHAR"
841423,"GOPALGANJ","BIHAR"
841424,"SARAN","BIHAR"
841425,"GOPALGANJ","BIHAR"
841426,"GOPALGANJ","BIHAR"
841427,"GOPALGANJ","BIHAR"
841428,"GOPALGANJ","BIHAR"
841434,"SIWAN","BIHAR"
841435,"SIWAN","BIHAR"
841436,"GOPALGANJ","BIHAR"
841437,"GOPALGANJ","BIHAR"
841438,"GOPALGANJ","BIHAR"
841439,"SIWAN","BIHAR"
841440,"GOPALGANJ","BIHAR"
841441,"GOPALGANJ","BIHAR"
841442,"SARAN","BIHAR"
841443,"SARAN","BIHAR"
841446,"SIWAN","BIHAR"
841447,"GOPALGANJ","BIHAR"
841460,"SARAN","BIHAR"
841501,"GOPALGANJ","BIHAR"
841502,"SIWAN","BIHAR"
841503,"GOPALGANJ","BIHAR"
841504,"SIWAN","BIHAR"
841505,"GOPALGANJ","BIHAR"
841506,"SIWAN","BIHAR"
841507,"SIWAN","BIHAR"
841508,"GOPALGANJ","BIHAR"
841509,"SIWAN","BIHAR"
842001,"MUZAFFARPUR","BIHAR"
842002,"MUZAFFARPUR","BIHAR"
842003,"MUZAFFARPUR","BIHAR"
842004,"MUZAFFARPUR","BIHAR"
842005,"MUZAFFARPUR","BIHAR"
842006,"MUZAFFARPUR","BIHAR"
843101,"MUZAFFARPUR","BIHAR"
843102,"MUZAFFARPUR","BIHAR"
843103,"MUZAFFARPUR","BIHAR"
843104,"VAISHALI","BIHAR"
843105,"MUZAFFARPUR","BIHAR"
843106,"MUZAFFARPUR","BIHAR"
843107,"MUZAFFARPUR","BIHAR"
843108,"MUZAFFARPUR","BIHAR"
843109,"MUZAFFARPUR","BIHAR"
843110,"VAISHALI","BIHAR"
843111,"MUZAFFARPUR","BIHAR"
843112,"MUZAFFARPUR","BIHAR"
843113,"MUZAFFARPUR","BIHAR"
843114,"VAISHALI","BIHAR"
843115,"MUZAFFARPUR","BIHAR"
843116,"MUZAFFARPUR","BIHAR"
843117,"MUZAFFARPUR","BIHAR"
843118,"MUZAFFARPUR","BIHAR"
843119,"MUZAFFARPUR","BIHAR"
843120,"MUZAFFARPUR","BIHAR"
843121,"MUZAFFARPUR","BIHAR"
843122,"MUZAFFARPUR","BIHAR"
843123,"MUZAFFARPUR","BIHAR"
843124,"MUZAFFARPUR","BIHAR"
843125,"MUZAFFARPUR","BIHAR"
843126,"MUZAFFARPUR","BIHAR"
843127,"MUZAFFARPUR","BIHAR"
843128,"MUZAFFARPUR","BIHAR"
843129,"MUZAFFARPUR","BIHAR"
843130,"MUZAFFARPUR","BIHAR"
843131,"MUZAFFARPUR","BIHAR"
843132,"MUZAFFARPUR","BIHAR"
843301,"SITAMARHI","BIHAR"
843302,"SITAMARHI","BIHAR"
843311,"SITAMARHI","BIHAR"
843312,"MUZAFFARPUR","BIHAR"
843313,"SITAMARHI","BIHAR"
843314,"SITAMARHI","BIHAR"
843315,"SITAMARHI","BIHAR"
843316,"SITAMARHI","BIHAR"
843317,"SITAMARHI","BIHAR"
843318,"SITAMARHI","BIHAR"
843319,"SITAMARHI","BIHAR"
843320,"SITAMARHI","BIHAR"
843321,"MUZAFFARPUR","BIHAR"
843322,"SITAMARHI","BIHAR"
843323,"SITAMARHI","BIHAR"
843324,"SITAMARHI","BIHAR"
843325,"SITAMARHI","BIHAR"
843326,"SITAMARHI","BIHAR"
843327,"SITAMARHI","BIHAR"
843328,"MUZAFFARPUR","BIHAR"
843329,"SHEOHAR","BIHAR"
843330,"SITAMARHI","BIHAR"
843331,"SITAMARHI","BIHAR"
843332,"SITAMARHI","BIHAR"
843333,"SITAMARHI","BIHAR"
843334,"SHEOHAR","BIHAR"
843335,"SHEOHAR","BIHAR"
843360,"MUZAFFARPUR","BIHAR"
844101,"VAISHALI","BIHAR"
844102,"VAISHALI","BIHAR"
844103,"VAISHALI","BIHAR"
844111,"VAISHALI","BIHAR"
844112,"VAISHALI","BIHAR"
844113,"VAISHALI","BIHAR"
844114,"VAISHALI","BIHAR"
844115,"VAISHALI","BIHAR"
844116,"VAISHALI","BIHAR"
844117,"VAISHALI","BIHAR"
844118,"VAISHALI","BIHAR"
844119,"VAISHALI","BIHAR"
844120,"MUZAFFARPUR","BIHAR"
844121,"VAISHALI","BIHAR"
844122,"VAISHALI","BIHAR"
844123,"VAISHALI","BIHAR"
844124,"VAISHALI","BIHAR"
844125,"NA","NA"
844126,"VAISHALI","BIHAR"
844127,"MUZAFFARPUR","BIHAR"
844128,"VAISHALI","BIHAR"
844501,"VAISHALI","BIHAR"
844502,"VAISHALI","BIHAR"
844503,"VAISHALI","BIHAR"
844504,"VAISHALI","BIHAR"
844505,"VAISHALI","BIHAR"
844506,"VAISHALI","BIHAR"
844507,"VAISHALI","BIHAR"
844508,"VAISHALI","BIHAR"
844509,"VAISHALI","BIHAR"
845101,"PASHCHIM CHAMPARAN","BIHAR"
845103,"PASHCHIM CHAMPARAN","BIHAR"
845104,"PASHCHIM CHAMPARAN","BIHAR"
845105,"PASHCHIM CHAMPARAN","BIHAR"
845106,"PASHCHIM CHAMPARAN","BIHAR"
845107,"PASHCHIM CHAMPARAN","BIHAR"
845301,"PURBI CHAMPARAN","BIHAR"
845302,"PURBI CHAMPARAN","BIHAR"
845303,"PURBI CHAMPARAN","BIHAR"
845304,"PURBI CHAMPARAN","BIHAR"
845305,"PURBI CHAMPARAN","BIHAR"
845306,"PASHCHIM CHAMPARAN","BIHAR"
845307,"PASHCHIM CHAMPARAN","BIHAR"
845315,"PURBI CHAMPARAN","BIHAR"
845401,"PURBI CHAMPARAN","BIHAR"
845402,"PURBI CHAMPARAN","BIHAR"
845404,"PASHCHIM CHAMPARAN","BIHAR"
845405,"PURBI CHAMPARAN","BIHAR"
845406,"PURBI CHAMPARAN","BIHAR"
845411,"PURBI CHAMPARAN","BIHAR"
845412,"PURBI CHAMPARAN","BIHAR"
845413,"PURBI CHAMPARAN","BIHAR"
845414,"PURBI CHAMPARAN","BIHAR"
845415,"PURBI CHAMPARAN","BIHAR"
845416,"PURBI CHAMPARAN","BIHAR"
845417,"PURBI CHAMPARAN","BIHAR"
845418,"PURBI CHAMPARAN","BIHAR"
845419,"PURBI CHAMPARAN","BIHAR"
845420,"PURBI CHAMPARAN","BIHAR"
845422,"PURBI CHAMPARAN","BIHAR"
845423,"PURBI CHAMPARAN","BIHAR"
845424,"PURBI CHAMPARAN","BIHAR"
845425,"PURBI CHAMPARAN","BIHAR"
845426,"PURBI CHAMPARAN","BIHAR"
845427,"PURBI CHAMPARAN","BIHAR"
845428,"PURBI CHAMPARAN","BIHAR"
845429,"PURBI CHAMPARAN","BIHAR"
845430,"PURBI CHAMPARAN","BIHAR"
845431,"PURBI CHAMPARAN","BIHAR"
845432,"PURBI CHAMPARAN","BIHAR"
845433,"PURBI CHAMPARAN","BIHAR"
845434,"PURBI CHAMPARAN","BIHAR"
845435,"PURBI CHAMPARAN","BIHAR"
845436,"PURBI CHAMPARAN","BIHAR"
845437,"PURBI CHAMPARAN","BIHAR"
845438,"PASHCHIM CHAMPARAN","BIHAR"
845439,"PASHCHIM CHAMPARAN","BIHAR"
845440,"PURBI CHAMPARAN","BIHAR"
845449,"PASHCHIM CHAMPARAN","BIHAR"
845450,"PASHCHIM CHAMPARAN","BIHAR"
845451,"PASHCHIM CHAMPARAN","BIHAR"
845452,"PASHCHIM CHAMPARAN","BIHAR"
845453,"PASHCHIM CHAMPARAN","BIHAR"
845454,"PASHCHIM CHAMPARAN","BIHAR"
845455,"PASHCHIM CHAMPARAN","BIHAR"
845456,"PURBI CHAMPARAN","BIHAR"
845457,"PURBI CHAMPARAN","BIHAR"
845458,"PURBI CHAMPARAN","BIHAR"
845459,"PASHCHIM CHAMPARAN","BIHAR"
846001,"DARBHANGA","BIHAR"
846002,"DARBHANGA","BIHAR"
846003,"DARBHANGA","BIHAR"
846004,"DARBHANGA","BIHAR"
846005,"DARBHANGA","BIHAR"
846006,"DARBHANGA","BIHAR"
846007,"DARBHANGA","BIHAR"
846008,"DARBHANGA","BIHAR"
846009,"DARBHANGA","BIHAR"
846010,"DARBHANGA","BIHAR"
847101,"DARBHANGA","BIHAR"
847102,"MADHUBANI","BIHAR"
847103,"DARBHANGA","BIHAR"
847104,"DARBHANGA","BIHAR"
847105,"SAMASTIPUR","BIHAR"
847106,"DARBHANGA","BIHAR"
847107,"DARBHANGA","BIHAR"
847108,"MADHUBANI","BIHAR"
847109,"MADHUBANI","BIHAR"
847115,"DARBHANGA","BIHAR"
847121,"DARBHANGA","BIHAR"
847122,"MADHUBANI","BIHAR"
847123,"MUZAFFARPUR","BIHAR"
847201,"DARBHANGA","BIHAR"
847202,"DARBHANGA","BIHAR"
847203,"DARBHANGA","BIHAR"
847204,"DARBHANGA","BIHAR"
847211,"MADHUBANI","BIHAR"
847212,"MADHUBANI","BIHAR"
847213,"MADHUBANI","BIHAR"
847214,"MADHUBANI","BIHAR"
847215,"MADHUBANI","BIHAR"
847222,"MADHUBANI","BIHAR"
847223,"MADHUBANI","BIHAR"
847224,"MADHUBANI","BIHAR"
847225,"MADHUBANI","BIHAR"
847226,"MADHUBANI","BIHAR"
847227,"MADHUBANI","BIHAR"
847228,"MADHUBANI","BIHAR"
847229,"MADHUBANI","BIHAR"
847230,"MADHUBANI","BIHAR"
847231,"MADHUBANI","BIHAR"
847232,"MADHUBANI","BIHAR"
847233,"DARBHANGA","BIHAR"
847234,"MADHUBANI","BIHAR"
847235,"MADHUBANI","BIHAR"
847236,"MADHUBANI","BIHAR"
847238,"MADHUBANI","BIHAR"
847239,"MADHUBANI","BIHAR"
847240,"MADHUBANI","BIHAR"
847301,"SAMASTIPUR","BIHAR"
847302,"DARBHANGA","BIHAR"
847303,"DARBHANGA","BIHAR"
847304,"DARBHANGA","BIHAR"
847305,"MADHUBANI","BIHAR"
847306,"DARBHANGA","BIHAR"
847307,"DARBHANGA","BIHAR"
847308,"MADHUBANI","BIHAR"
847337,"DARBHANGA","BIHAR"
847401,"MADHUBANI","BIHAR"
847402,"MADHUBANI","BIHAR"
847403,"MADHUBANI","BIHAR"
847404,"MADHUBANI","BIHAR"
847405,"DARBHANGA","BIHAR"
847407,"DARBHANGA","BIHAR"
847408,"MADHUBANI","BIHAR"
847409,"MADHUBANI","BIHAR"
847410,"MADHUBANI","BIHAR"
847411,"MADHUBANI","BIHAR"
847412,"MADHUBANI","BIHAR"
847421,"MADHUBANI","BIHAR"
847422,"DARBHANGA","BIHAR"
847423,"DARBHANGA","BIHAR"
847424,"MADHUBANI","BIHAR"
847427,"DARBHANGA","BIHAR"
847428,"DARBHANGA","BIHAR"
847429,"DARBHANGA","BIHAR"
847451,"SUPAUL","BIHAR"
847452,"SUPAUL","BIHAR"
848101,"SAMASTIPUR","BIHAR"
848102,"SAMASTIPUR","BIHAR"
848103,"SAMASTIPUR","BIHAR"
848104,"SAMASTIPUR","BIHAR"
848113,"SAMASTIPUR","BIHAR"
848114,"SAMASTIPUR","BIHAR"
848115,"SAMASTIPUR","BIHAR"
848117,"SAMASTIPUR","BIHAR"
848121,"SAMASTIPUR","BIHAR"
848122,"SAMASTIPUR","BIHAR"
848125,"SAMASTIPUR","BIHAR"
848127,"SAMASTIPUR","BIHAR"
848129,"SAMASTIPUR","BIHAR"
848130,"SAMASTIPUR","BIHAR"
848131,"SAMASTIPUR","BIHAR"
848132,"SAMASTIPUR","BIHAR"
848133,"SAMASTIPUR","BIHAR"
848134,"SAMASTIPUR","BIHAR"
848160,"SAMASTIPUR","BIHAR"
848201,"BEGUSARAI","BIHAR"
848202,"BEGUSARAI","BIHAR"
848203,"KHAGARIA","BIHAR"
848204,"BEGUSARAI","BIHAR"
848205,"SAMASTIPUR","BIHAR"
848206,"SAMASTIPUR","BIHAR"
848207,"SAMASTIPUR","BIHAR"
848208,"SAMASTIPUR","BIHAR"
848209,"SAMASTIPUR","BIHAR"
848210,"SAMASTIPUR","BIHAR"
848211,"SAMASTIPUR","BIHAR"
848213,"DARBHANGA","BIHAR"
848216,"SAMASTIPUR","BIHAR"
848236,"SAMASTIPUR","BIHAR"
848301,"SAMASTIPUR","BIHAR"
848302,"SAMASTIPUR","BIHAR"
848501,"SAMASTIPUR","BIHAR"
848502,"SAMASTIPUR","BIHAR"
848503,"SAMASTIPUR","BIHAR"
848504,"SAMASTIPUR","BIHAR"
848505,"SAMASTIPUR","BIHAR"
848506,"SAMASTIPUR","BIHAR"
851101,"BEGUSARAI","BIHAR"
851110,"BEGUSARAI","BIHAR"
851111,"BEGUSARAI","BIHAR"
851112,"BEGUSARAI","BIHAR"
851113,"BEGUSARAI","BIHAR"
851114,"BEGUSARAI","BIHAR"
851115,"BEGUSARAI","BIHAR"
851116,"BEGUSARAI","BIHAR"
851117,"BEGUSARAI","BIHAR"
851118,"BEGUSARAI","BIHAR"
851120,"BEGUSARAI","BIHAR"
851121,"BEGUSARAI","BIHAR"
851126,"BEGUSARAI","BIHAR"
851127,"BEGUSARAI","BIHAR"
851128,"BEGUSARAI","BIHAR"
851129,"BEGUSARAI","BIHAR"
851130,"BEGUSARAI","BIHAR"
851131,"BEGUSARAI","BIHAR"
851132,"BEGUSARAI","BIHAR"
851133,"BEGUSARAI","BIHAR"
851134,"BEGUSARAI","BIHAR"
851135,"BEGUSARAI","BIHAR"
851201,"KHAGARIA","BIHAR"
851202,"KHAGARIA","BIHAR"
851203,"KHAGARIA","BIHAR"
851204,"BEGUSARAI","BIHAR"
851205,"KHAGARIA","BIHAR"
851206,"KHAGARIA","BIHAR"
851210,"BEGUSARAI","BIHAR"
851211,"BEGUSARAI","BIHAR"
851212,"KHAGARIA","BIHAR"
851213,"KHAGARIA","BIHAR"
851214,"KHAGARIA","BIHAR"
851215,"KHAGARIA","BIHAR"
851216,"KHAGARIA","BIHAR"
851217,"BEGUSARAI","BIHAR"
851218,"BEGUSARAI","BIHAR"
852101,"MADHEPURA","BIHAR"
852105,"SUPAUL","BIHAR"
852106,"SAHARSA","BIHAR"
852107,"SAHARSA","BIHAR"
852108,"SUPAUL","BIHAR"
852109,"SUPAUL","BIHAR"
852110,"SUPAUL","BIHAR"
852111,"SUPAUL","BIHAR"
852112,"MADHEPURA","BIHAR"
852113,"MADHEPURA","BIHAR"
852114,"MADHEPURA","BIHAR"
852115,"MADHEPURA","BIHAR"
852116,"MADHEPURA","BIHAR"
852121,"MADHEPURA","BIHAR"
852122,"PURNIA","BIHAR"
852123,"SAHARSA","BIHAR"
852124,"SAHARSA","BIHAR"
852125,"SUPAUL","BIHAR"
852126,"SAHARSA","BIHAR"
852127,"SAHARSA","BIHAR"
852128,"MADHEPURA","BIHAR"
852129,"SAHARSA","BIHAR"
852130,"SUPAUL","BIHAR"
852131,"SUPAUL","BIHAR"
852132,"MADHEPURA","BIHAR"
852133,"SUPAUL","BIHAR"
852134,"SUPAUL","BIHAR"
852137,"SUPAUL","BIHAR"
852138,"SUPAUL","BIHAR"
852139,"SUPAUL","BIHAR"
852161,"KHAGARIA","BIHAR"
852201,"SAHARSA","BIHAR"
852202,"SAHARSA","BIHAR"
852212,"SAHARSA","BIHAR"
852213,"MADHEPURA","BIHAR"
852214,"SUPAUL","BIHAR"
852215,"SUPAUL","BIHAR"
852216,"SAHARSA","BIHAR"
852217,"SAHARSA","BIHAR"
852218,"SUPAUL","BIHAR"
852219,"MADHEPURA","BIHAR"
852220,"MADHEPURA","BIHAR"
852221,"SAHARSA","BIHAR"
853201,"BHAGALPUR","BIHAR"
853202,"BHAGALPUR","BIHAR"
853203,"BHAGALPUR","BIHAR"
853204,"BHAGALPUR","BIHAR"
853205,"BHAGALPUR","BIHAR"
854101,"KATIHAR","BIHAR"
854102,"PURNIA","BIHAR"
854103,"KATIHAR","BIHAR"
854104,"KATIHAR","BIHAR"
854105,"KATIHAR","BIHAR"
854106,"KATIHAR","BIHAR"
854107,"KATIHAR","BIHAR"
854108,"KATIHAR","BIHAR"
854109,"KATIHAR","BIHAR"
854110,"KATIHAR","BIHAR"
854112,"KATIHAR","BIHAR"
854113,"KATIHAR","BIHAR"
854114,"KATIHAR","BIHAR"
854115,"KATIHAR","BIHAR"
854116,"KATIHAR","BIHAR"
854117,"KATIHAR","BIHAR"
854201,"PURNIA","BIHAR"
854202,"PURNIA","BIHAR"
854203,"PURNIA","BIHAR"
854204,"PURNIA","BIHAR"
854205,"PURNIA","BIHAR"
854301,"PURNIA","BIHAR"
854302,"PURNIA","BIHAR"
854303,"PURNIA","BIHAR"
854304,"PURNIA","BIHAR"
854305,"PURNIA","BIHAR"
854306,"PURNIA","BIHAR"
854311,"ARARIA","BIHAR"
854312,"ARARIA","BIHAR"
854315,"PURNIA","BIHAR"
854316,"ARARIA","BIHAR"
854317,"KATIHAR","BIHAR"
854318,"ARARIA","BIHAR"
854325,"PURNIA","BIHAR"
854326,"PURNIA","BIHAR"
854327,"PURNIA","BIHAR"
854328,"ARARIA","BIHAR"
854329,"ARARIA","BIHAR"
854330,"PURNIA","BIHAR"
854331,"ARARIA","BIHAR"
854332,"ARARIA","BIHAR"
854333,"ARARIA","BIHAR"
854334,"ARARIA","BIHAR"
854335,"ARARIA","BIHAR"
854336,"ARARIA","BIHAR"
854337,"PURNIA","BIHAR"
854338,"SUPAUL","BIHAR"
854339,"SUPAUL","BIHAR"
854340,"SUPAUL","BIHAR"
855101,"KISHANGANJ","BIHAR"
855102,"KATIHAR","BIHAR"
855105,"KATIHAR","BIHAR"
855106,"KISHANGANJ","BIHAR"
855107,"KISHANGANJ","BIHAR"
855108,"KISHANGANJ","BIHAR"
855113,"KATIHAR","BIHAR"
855114,"KATIHAR","BIHAR"
855115,"NA","NA"
855116,"KISHANGANJ","BIHAR"
855117,"KISHANGANJ","BIHAR"
900056,"KUSHI NAGAR","UTTAR PRADESH"
900099,"KOLKATA","WEST BENGAL"