"id","district","state"
"110102","New Delhi","Delhi"
"110106","North","Delhi"
"110119","South East","Delhi"
"110124","South","Delhi"
"110151","Shahdara","Delhi"
"110195","Shahdara","Delhi"
"121999","Na","Not Applicable"
"122998","Na","Not Applicable"
"122999","Na","Not Applicable"
"123304","Mahendragarh","Haryana"
"124515","Rohtak","Haryana"
"125061","Hisar","Haryana"
"132035","Na","Not Applicable"
"134999","Na","Not Applicable"
"145002","Gurdaspur","Punjab"
"151007","Bathinda","Punjab"
"151511","Bathinda","Punjab"
"173033","Sirmaur","Himachal Pradesh"
"173237","Solan","Himachal Pradesh"
"175022","Mandi","Himachal Pradesh"
"176307","Chamba","Himachal Pradesh"
"176330","Chamba","Himachal Pradesh"
"181008","Jammu","Jammu And Kashmir"
"181134","Jammu","Jammu And Kashmir"
"181208","Jammu","Jammu And Kashmir"
"182129","Doda","Jammu And Kashmir"
"182130","Udhampur","Jammu And Kashmir"
"182131","Doda","Jammu And Kashmir"
"182132","Kishtwar","Jammu And Kashmir"
"182133","Kishtwar","Jammu And Kashmir"
"182134","Kishtwar","Jammu And Kashmir"
"182135","Kishtwar","Jammu And Kashmir"
"182136","Kishtwar","Jammu And Kashmir"
"182137","Kishtwar","Jammu And Kashmir"
"182138","Kishtwar","Jammu And Kashmir"
"182139","Kishtwar","Jammu And Kashmir"
"182140","Kishtwar","Jammu And Kashmir"
"184210","Kathua","Jammu And Kashmir"
"190099","Srinagar","Jammu And Kashmir"
"193306","Shopian","Jammu And Kashmir"
"201022","Hapur","Uttar Pradesh"
"201319","Na","Not Applicable"
"201320","Na","Not Applicable"
"203413","Bulandshahr","Uttar Pradesh"
"204217","Aligarh","Uttar Pradesh"
"208028","Kanpur Nagar","Uttar Pradesh"
"212110","Prayagraj","Uttar Pradesh"
"221111","Varanasi","Uttar Pradesh"
"222004","Jaunpur","Uttar Pradesh"
"222101","Na","Not Applicable"
"222205","Jaunpur","Uttar Pradesh"
"224239","Ambedkar Nagar","Uttar Pradesh"
"232114","Varanasi","Uttar Pradesh"
"232115","Chandauli","Uttar Pradesh"
"247552","Saharanpur","Uttar Pradesh"
"247658","Haridwar","Uttarakhand"
"248020","Na","Not Applicable"
"249206","Dehradun","Uttarakhand"
"249412","Haridwar","Uttarakhand"
"261304","Sitapur","Uttar Pradesh"
"263141","Nainital","Uttarakhand"
"273011","Na","Not Applicable"
"273312","Maharajganj","Uttar Pradesh"
"302047","Jaipur","Rajasthan"
"302048","Jaipur","Rajasthan"
"302049","Jaipur","Rajasthan"
"305006","Ajmer","Rajasthan"
"306604","Pali","Rajasthan"
"312628","Pratapgarh","Rajasthan"
"312629","Chittorgarh","Rajasthan"
"313806","Udaipur","Rajasthan"
"332003","Sikar","Rajasthan"
"334002","Raipur","Chhattisgarh"
"334024","Bikaner","Rajasthan"
"334025","Bikaner","Rajasthan"
"335042","Ganganagar","Rajasthan"
"335521","Hanumangarh","Rajasthan"
"341002","Nagaur","Rajasthan"
"341003","Nagaur","Rajasthan"
"341307","Nagaur","Rajasthan"
"341309","Nagaur","Rajasthan"
"341521","Nagaur","Rajasthan"
"342016","Jodhpur","Rajasthan"
"342017","Jodhpur","Rajasthan"
"342032","Jodhpur","Rajasthan"
"344802","Barmer","Rajasthan"
"360008","Na","Not Applicable"
"362269","Gir Somnath","Gujarat"
"380010","Na","Not Applicable"
"380011","Na","Not Applicable"
"380012","Na","Not Applicable"
"380057","Ahmadabad","Gujarat"
"382050","Gandhinagar","Gujarat"
"382055","Gandhinagar","Gujarat"
"382419","Gandhinagar","Gujarat"
"382501","Gandhinagar","Gujarat"
"384266","Patan","Gujarat"
"384316","Nagaur","Rajasthan"
"385581","Banas Kantha","Gujarat"
"387105","Kheda","Gujarat"
"390008","Na","Not Applicable"
"390026","Na","Not Applicable"
"395014","Na","Not Applicable"
"395015","Na","Not Applicable"
"400111","Na","Not Applicable"
"400113","Na","Not Applicable"
"400114","Na","Not Applicable"
"400118","Na","Not Applicable"
"400150","Na","Not Applicable"
"400153","Na","Not Applicable"
"400160","Na","Not Applicable"
"400167","Na","Not Applicable"
"400171","Na","Not Applicable"
"400183","Na","Not Applicable"
"400186","Na","Not Applicable"
"400193","Na","Not Applicable"
"400201","Na","Not Applicable"
"400609","Na","Not Applicable"
"401108","Na","Not Applicable"
"401205","Palghar","Maharashtra"
"403522","Na","Not Applicable"
"403525","North Goa","Goa"
"410517","Pune","Maharashtra"
"411070","Pune","Maharashtra"
"411071","Pune","Maharashtra"
"411073","Pune","Maharashtra"
"411074","Na","Not Applicable"
"411075","Na","Not Applicable"
"411076","Na","Not Applicable"
"411077","Na","Not Applicable"
"411078","Na","Not Applicable"
"411079","Na","Not Applicable"
"411080","Na","Not Applicable"
"411081","Pune","Maharashtra"
"413625","Osmanabad","Maharashtra"
"413626","Osmanabad","Maharashtra"
"415418","Sangli","Maharashtra"
"415635","Na","Not Applicable"
"416317","Sangli","Maharashtra"
"416429","Sangli","Maharashtra"
"422014","Na","Not Applicable"
"425314","Jalgaon","Maharashtra"
"431025","Na","Not Applicable"
"431543","Hingoli","Maharashtra"
"431724","Nanded","Maharashtra"
"440029","Nagpur","Maharashtra"
"440038","Na","Not Applicable"
"441124","Na","Not Applicable"
"442920","Chandrapur","Maharashtra"
"451114","Khargone","Madhya Pradesh"
"452999","Na","Not Applicable"
"457111","Na","Not Applicable"
"461445","Sehore","Madhya Pradesh"
"462028","Bhopal","Madhya Pradesh"
"462034","Na","Not Applicable"
"462057","Na","Not Applicable"
"462099","Na","Not Applicable"
"462116","Na","Not Applicable"
"465313","Ujjain","Madhya Pradesh"
"470776","Damoh","Madhya Pradesh"
"473106","Na","Not Applicable"
"473447","Ashoknagar","Madhya Pradesh"
"473773","Shivpuri","Madhya Pradesh"
"475331","Gwalior","Madhya Pradesh"
"476338","Na","Not Applicable"
"480442","Chhindwara","Madhya Pradesh"
"482007","Na","Not Applicable"
"485227","Satna","Madhya Pradesh"
"486883","Sidhi","Madhya Pradesh"
"490004","Na","Not Applicable"
"491002","Durg","Chhattisgarh"
"491443","Rajnandgaon","Chhattisgarh"
"494220","Kondagaon","Chhattisgarh"
"494662","Narayanpur","Chhattisgarh"
"495002","Na","Not Applicable"
"500106","Hyderabad","Telangana"
"500117","Hyderabad","Telangana"
"500118","Hyderabad","Telangana"
"500119","Na","Not Applicable"
"500301","Medchal Malkajgiri","Telangana"
"500901","Na","Not Applicable"
"500903","Na","Not Applicable"
"500915","Na","Not Applicable"
"500918","Na","Not Applicable"
"500920","Na","Not Applicable"
"500927","Na","Not Applicable"
"500930","Na","Not Applicable"
"500931","Na","Not Applicable"
"500934","Na","Not Applicable"
"500939","Na","Not Applicable"
"500955","Na","Not Applicable"
"500958","Na","Not Applicable"
"500962","Na","Not Applicable"
"500970","Na","Not Applicable"
"500972","Na","Not Applicable"
"500984","Na","Not Applicable"
"500989","Na","Not Applicable"
"501302","Medchal Malkajgiri","Telangana"
"501303","Medchal Malkajgiri","Telangana"
"501513","Medchal Malkajgiri","Telangana"
"502033","Sangareddy","Telangana"
"502034","Sangareddy","Telangana"
"502106","Siddipet","Telangana"
"502932","Na","Not Applicable"
"504300","Na","Not Applicable"
"504314","Na","Not Applicable"
"505506","Peddapalli","Telangana"
"506325","Mahabubabad","Telangana"
"507112","Bhadradri Kothagudem","Telangana"
"507126","Bhadradri Kothagudem","Telangana"
"507127","Bhadradri Kothagudem","Telangana"
"507171","Bhadradri Kothagudem","Telangana"
"507315","Bhadradri Kothagudem","Telangana"
"509328","Ranga Reddy","Telangana"
"515006","Anantapur","Andhra Pradesh"
"515251","Sri Sathya Sai","Andhra Pradesh"
"517508","Na","Not Applicable"
"517509","Chittoor","Andhra Pradesh"
"517510","Na","Not Applicable"
"521224","Krishna","Andhra Pradesh"
"522008","Guntur","Andhra Pradesh"
"522241","Guntur","Andhra Pradesh"
"523003","Prakasam","Andhra Pradesh"
"530056","Visakhapatanam","Andhra Pradesh"
"530057","Visakhapatanam","Andhra Pradesh"
"530058","Visakhapatanam","Andhra Pradesh"
"530059","Visakhapatanam","Andhra Pradesh"
"532167","Srikakulam","Andhra Pradesh"
"532184","Na","Not Applicable"
"532204","Srikakulam","Andhra Pradesh"
"532207","Srikakulam","Andhra Pradesh"
"533108","East Godavari","Andhra Pradesh"
"533219","Konaseema","Andhra Pradesh"
"533350","Alluri Sitarama Raju","Andhra Pradesh"
"533460","Kakinada","Andhra Pradesh"
"534008","Eluru","Andhra Pradesh"
"535569","Vizianagaram","Andhra Pradesh"
"560119","Bengaluru Urban","Karnataka"
"562166","Ramanagara","Karnataka"
"571190","Mysuru","Karnataka"
"571202","Kodagu","Karnataka"
"574162","Dakshina Kannada","Karnataka"
"577008","Davangere","Karnataka"
"583286","Koppal","Karnataka"
"583288","Koppal","Karnataka"
"585446","Bidar","Karnataka"
"585448","Bidar","Karnataka"
"586162","Vijayapura","Karnataka"
"586170","Vijayapura","Karnataka"
"587157","Bagalkote","Karnataka"
"590100","Na","Not Applicable"
"600133","Thiruvallur","Tamil Nadu"
"600200","Na","Not Applicable"
"600201","Na","Not Applicable"
"600202","Na","Not Applicable"
"602118","Kanchipuram","Tamil Nadu"
"604411","Tiruvannamalai","Tamil Nadu"
"605012","Na","Not Applicable"
"612906","Kozhikode","Kerala"
"621119","Perambalur","Tamil Nadu"
"625552","Theni","Tamil Nadu"
"628155","Tuticorin","Tamil Nadu"
"636907","Dharmapuri","Tamil Nadu"
"637216","Namakkal","Tamil Nadu"
"641051","Coimbatore","Tamil Nadu"
"641063","Coimbatore","Tamil Nadu"
"671325","Kasaragod","Kerala"
"680051","Thrissur","Kerala"
"682053","Na","Not Applicable"
"683051","Na","Not Applicable"
"688051","Na","Not Applicable"
"688563","Alappuzha","Kerala"
"690112","Alappuzha","Kerala"
"691051","Na","Not Applicable"
"695521","Thiruvananthapuram","Kerala"
"695522","Thiruvananthapuram","Kerala"
"695523","Thiruvananthapuram","Kerala"
"695524","Thiruvananthapuram","Kerala"
"695525","Thiruvananthapuram","Kerala"
"695526","Thiruvananthapuram","Kerala"
"695527","Thiruvananthapuram","Kerala"
"695528","Thiruvananthapuram","Kerala"
"695541","Thiruvananthapuram","Kerala"
"695542","Thiruvananthapuram","Kerala"
"695543","Thiruvananthapuram","Kerala"
"695547","Thiruvananthapuram","Kerala"
"695551","Thiruvananthapuram","Kerala"
"695561","Thiruvananthapuram","Kerala"
"695562","Thiruvananthapuram","Kerala"
"695563","Thiruvananthapuram","Kerala"
"695564","Thiruvananthapuram","Kerala"
"695568","Thiruvananthapuram","Kerala"
"695570","Thiruvananthapuram","Kerala"
"695571","Thiruvananthapuram","Kerala"
"695572","Thiruvananthapuram","Kerala"
"695573","Thiruvananthapuram","Kerala"
"695574","Thiruvananthapuram","Kerala"
"695575","Thiruvananthapuram","Kerala"
"695581","Na","Not Applicable"
"695582","Thiruvananthapuram","Kerala"
"695583","Thiruvananthapuram","Kerala"
"695584","Thiruvananthapuram","Kerala"
"695585","Thiruvananthapuram","Kerala"
"695586","Thiruvananthapuram","Kerala"
"695587","Thiruvananthapuram","Kerala"
"695588","Thiruvananthapuram","Kerala"
"695589","Thiruvananthapuram","Kerala"
"695601","Thiruvananthapuram","Kerala"
"695602","Thiruvananthapuram","Kerala"
"695603","Thiruvananthapuram","Kerala"
"695604","Thiruvananthapuram","Kerala"
"695605","Thiruvananthapuram","Kerala"
"695606","Thiruvananthapuram","Kerala"
"695607","Thiruvananthapuram","Kerala"
"695608","Thiruvananthapuram","Kerala"
"695609","Thiruvananthapuram","Kerala"
"695610","Thiruvananthapuram","Kerala"
"695611","Thiruvananthapuram","Kerala"
"695612","Thiruvananthapuram","Kerala"
"695614","Thiruvananthapuram","Kerala"
"695615","Thiruvananthapuram","Kerala"
"700001","Kolkata","West Bengal"
"700002","Kolkata","West Bengal"
"700003","Kolkata","West Bengal"
"700004","Kolkata","West Bengal"
"700005","Kolkata","West Bengal"
"700006","Kolkata","West Bengal"
"700007","Kolkata","West Bengal"
"700008","Kolkata","West Bengal"
"700009","Kolkata","West Bengal"
"700010","Kolkata","West Bengal"
"700011","Kolkata","West Bengal"
"700012","Kolkata","West Bengal"
"700013","Kolkata","West Bengal"
"700014","Kolkata","West Bengal"
"700015","Kolkata","West Bengal"
"700016","Kolkata","West Bengal"
"700017","Kolkata","West Bengal"
"700018","Kolkata","West Bengal"
"700019","Kolkata","West Bengal"
"700020","Kolkata","West Bengal"
"700021","Kolkata","West Bengal"
"700022","Kolkata","West Bengal"
"700023","Kolkata","West Bengal"
"700024","Kolkata","West Bengal"
"700025","Kolkata","West Bengal"
"700026","Kolkata","West Bengal"
"700027","Kolkata","West Bengal"
"700028","North 24 Parganas","West Bengal"
"700029","Kolkata","West Bengal"
"700030","Kolkata","West Bengal"
"700031","Kolkata","West Bengal"
"700032","Kolkata","West Bengal"
"700033","Kolkata","West Bengal"
"700034","Kolkata","West Bengal"
"700035","North 24 Parganas","West Bengal"
"700036","North 24 Parganas","West Bengal"
"700037","Kolkata","West Bengal"
"700038","Kolkata","West Bengal"
"700039","Kolkata","West Bengal"
"700040","Kolkata","West Bengal"
"700041","Kolkata","West Bengal"
"700042","Kolkata","West Bengal"
"700043","Kolkata","West Bengal"
"700044","Kolkata","West Bengal"
"700045","Kolkata","West Bengal"
"700046","Kolkata","West Bengal"
"700047","Kolkata","West Bengal"
"700048","North 24 Parganas","West Bengal"
"700049","North 24 Parganas","West Bengal"
"700050","Kolkata","West Bengal"
"700051","North 24 Parganas","West Bengal"
"700052","North 24 Parganas","West Bengal"
"700053","Kolkata","West Bengal"
"700054","Kolkata","West Bengal"
"700055","North 24 Parganas","West Bengal"
"700056","North 24 Parganas","West Bengal"
"700057","North 24 Parganas","West Bengal"
"700058","North 24 Parganas","West Bengal"
"700059","North 24 Parganas","West Bengal"
"700060","Kolkata","West Bengal"
"700061","Kolkata","West Bengal"
"700062","Kolkata","West Bengal"
"700063","Kolkata","West Bengal"
"700064","North 24 Parganas","West Bengal"
"700065","North 24 Parganas","West Bengal"
"700066","Kolkata","West Bengal"
"700067","Kolkata","West Bengal"
"700068","Kolkata","West Bengal"
"700069","Kolkata","West Bengal"
"700070","Kolkata","West Bengal"
"700071","Kolkata","West Bengal"
"700072","Kolkata","West Bengal"
"700073","Kolkata","West Bengal"
"700074","North 24 Parganas","West Bengal"
"700075","Kolkata","West Bengal"
"700076","North 24 Parganas","West Bengal"
"700077","North 24 Parganas","West Bengal"
"700078","Kolkata","West Bengal"
"700079","North 24 Parganas","West Bengal"
"700080","North 24 Parganas","West Bengal"
"700081","North 24 Parganas","West Bengal"
"700082","Kolkata","West Bengal"
"700083","North 24 Parganas","West Bengal"
"700084","South 24 Parganas","West Bengal"
"700085","Kolkata","West Bengal"
"700086","Kolkata","West Bengal"
"700087","Kolkata","West Bengal"
"700088","Kolkata","West Bengal"
"700089","North 24 Parganas","West Bengal"
"700090","North 24 Parganas","West Bengal"
"700091","North 24 Parganas","West Bengal"
"700092","Kolkata","West Bengal"
"700093","South 24 Parganas","West Bengal"
"700094","Kolkata","West Bengal"
"700095","Kolkata","West Bengal"
"700096","South 24 Parganas","West Bengal"
"700097","North 24 Parganas","West Bengal"
"700099","Kolkata","West Bengal"
"700100","Kolkata","West Bengal"
"700101","North 24 Parganas","West Bengal"
"700102","North 24 Parganas","West Bengal"
"700103","South 24 Parganas","West Bengal"
"700104","South 24 Parganas","West Bengal"
"700105","North 24 Parganas","West Bengal"
"700106","North 24 Parganas","West Bengal"
"700107","Kolkata","West Bengal"
"700108","North 24 Parganas","West Bengal"
"700109","North 24 Parganas","West Bengal"
"700110","North 24 Parganas","West Bengal"
"700111","North 24 Parganas","West Bengal"
"700112","North 24 Parganas","West Bengal"
"700113","North 24 Parganas","West Bengal"
"700114","North 24 Parganas","West Bengal"
"700115","North 24 Parganas","West Bengal"
"700116","North 24 Parganas","West Bengal"
"700117","North 24 Parganas","West Bengal"
"700118","North 24 Parganas","West Bengal"
"700119","North 24 Parganas","West Bengal"
"700120","North 24 Parganas","West Bengal"
"700121","North 24 Parganas","West Bengal"
"700122","North 24 Parganas","West Bengal"
"700123","North 24 Parganas","West Bengal"
"700124","North 24 Parganas","West Bengal"
"700125","North 24 Parganas","West Bengal"
"700126","North 24 Parganas","West Bengal"
"700127","North 24 Parganas","West Bengal"
"700128","North 24 Parganas","West Bengal"
"700129","North 24 Parganas","West Bengal"
"700130","North 24 Parganas","West Bengal"
"700131","North 24 Parganas","West Bengal"
"700132","North 24 Parganas","West Bengal"
"700133","North 24 Parganas","West Bengal"
"700134","North 24 Parganas","West Bengal"
"700135","North 24 Parganas","West Bengal"
"700136","North 24 Parganas","West Bengal"
"700137","South 24 Parganas","West Bengal"
"700138","South 24 Parganas","West Bengal"
"700139","South 24 Parganas","West Bengal"
"700140","South 24 Parganas","West Bengal"
"700141","South 24 Parganas","West Bengal"
"700142","South 24 Parganas","West Bengal"
"700143","South 24 Parganas","West Bengal"
"700144","South 24 Parganas","West Bengal"
"700145","South 24 Parganas","West Bengal"
"700146","South 24 Parganas","West Bengal"
"700147","South 24 Parganas","West Bengal"
"700148","South 24 Parganas","West Bengal"
"700149","South 24 Parganas","West Bengal"
"700150","South 24 Parganas","West Bengal"
"700151","South 24 Parganas","West Bengal"
"700152","South 24 Parganas","West Bengal"
"700153","South 24 Parganas","West Bengal"
"700154","South 24 Parganas","West Bengal"
"700155","North 24 Parganas","West Bengal"
"700156","North 24 Parganas","West Bengal"
"700157","North 24 Parganas","West Bengal"
"700158","North 24 Parganas","West Bengal"
"700159","North 24 Parganas","West Bengal"
"700160","North 24 Parganas","West Bengal"
"700161","North 24 Parganas","West Bengal"
"700162","North 24 Parganas","West Bengal"
"700163","North 24 Parganas","West Bengal"
"711101","Howrah","West Bengal"
"711102","Howrah","West Bengal"
"711103","Howrah","West Bengal"
"711104","Howrah","West Bengal"
"711105","Howrah","West Bengal"
"711106","Howrah","West Bengal"
"711107","Howrah","West Bengal"
"711108","Howrah","West Bengal"
"711109","Howrah","West Bengal"
"711110","Howrah","West Bengal"
"711111","Howrah","West Bengal"
"711112","Howrah","West Bengal"
"711113","Howrah","West Bengal"
"711114","Howrah","West Bengal"
"711115","Howrah","West Bengal"
"711201","Howrah","West Bengal"
"711202","Howrah","West Bengal"
"711203","Howrah","West Bengal"
"711204","Howrah","West Bengal"
"711205","Howrah","West Bengal"
"711206","Howrah","West Bengal"
"711225","Howrah","West Bengal"
"711226","Howrah","West Bengal"
"711227","Howrah","West Bengal"
"711301","Howrah","West Bengal"
"711302","Howrah","West Bengal"
"711303","Howrah","West Bengal"
"711304","Howrah","West Bengal"
"711305","Howrah","West Bengal"
"711306","Howrah","West Bengal"
"711307","Howrah","West Bengal"
"711308","Howrah","West Bengal"
"711309","Howrah","West Bengal"
"711310","Howrah","West Bengal"
"711312","Howrah","West Bengal"
"711313","Howrah","West Bengal"
"711314","Howrah","West Bengal"
"711315","Howrah","West Bengal"
"711316","Howrah","West Bengal"
"711317","Howrah","West Bengal"
"711322","Howrah","West Bengal"
"711331","Howrah","West Bengal"
"711401","Howrah","West Bengal"
"711403","Howrah","West Bengal"
"711404","Howrah","West Bengal"
"711405","Howrah","West Bengal"
"711408","Howrah","West Bengal"
"711409","Howrah","West Bengal"
"711410","Howrah","West Bengal"
"711411","Howrah","West Bengal"
"711412","Howrah","West Bengal"
"711413","Howrah","West Bengal"
"711414","Howrah","West Bengal"
"712101","Hooghly","West Bengal"
"712102","Hooghly","West Bengal"
"712103","Hooghly","West Bengal"
"712104","Hooghly","West Bengal"
"712105","Hooghly","West Bengal"
"712121","Hooghly","West Bengal"
"712122","Medinipur West","West Bengal"
"712123","Hooghly","West Bengal"
"712124","Hooghly","West Bengal"
"712125","Hooghly","West Bengal"
"712134","Hooghly","West Bengal"
"712135","Hooghly","West Bengal"
"712136","Hooghly","West Bengal"
"712137","Hooghly","West Bengal"
"712138","Hooghly","West Bengal"
"712139","Hooghly","West Bengal"
"712146","Purba Bardhaman","West Bengal"
"712147","Hooghly","West Bengal"
"712148","Hooghly","West Bengal"
"712149","Hooghly","West Bengal"
"712152","Hooghly","West Bengal"
"712201","Hooghly","West Bengal"
"712202","Hooghly","West Bengal"
"712203","Hooghly","West Bengal"
"712204","Hooghly","West Bengal"
"712221","Hooghly","West Bengal"
"712222","Hooghly","West Bengal"
"712223","Hooghly","West Bengal"
"712232","Hooghly","West Bengal"
"712233","Hooghly","West Bengal"
"712234","Hooghly","West Bengal"
"712235","Hooghly","West Bengal"
"712245","Hooghly","West Bengal"
"712246","Hooghly","West Bengal"
"712248","Hooghly","West Bengal"
"712249","Hooghly","West Bengal"
"712250","Hooghly","West Bengal"
"712258","Hooghly","West Bengal"
"712291","Na","Not Applicable"
"712301","Hooghly","West Bengal"
"712302","Hooghly","West Bengal"
"712303","Hooghly","West Bengal"
"712304","Hooghly","West Bengal"
"712305","Hooghly","West Bengal"
"712306","Hooghly","West Bengal"
"712308","Hooghly","West Bengal"
"712310","Hooghly","West Bengal"
"712311","Hooghly","West Bengal"
"712401","Hooghly","West Bengal"
"712402","Hooghly","West Bengal"
"712403","Hooghly","West Bengal"
"712404","Hooghly","West Bengal"
"712405","Hooghly","West Bengal"
"712406","Hooghly","West Bengal"
"712407","Hooghly","West Bengal"
"712408","Howrah","West Bengal"
"712409","Hooghly","West Bengal"
"712410","Hooghly","West Bengal"
"712412","Hooghly","West Bengal"
"712413","Hooghly","West Bengal"
"712414","Hooghly","West Bengal"
"712415","Hooghly","West Bengal"
"712416","Hooghly","West Bengal"
"712417","Hooghly","West Bengal"
"712501","Hooghly","West Bengal"
"712502","Hooghly","West Bengal"
"712503","Hooghly","West Bengal"
"712504","Hooghly","West Bengal"
"712512","Hooghly","West Bengal"
"712513","Hooghly","West Bengal"
"712514","Hooghly","West Bengal"
"712515","Hooghly","West Bengal"
"712601","Hooghly","West Bengal"
"712602","Hooghly","West Bengal"
"712611","Hooghly","West Bengal"
"712612","Hooghly","West Bengal"
"712613","Hooghly","West Bengal"
"712614","Hooghly","West Bengal"
"712615","Hooghly","West Bengal"
"712616","Hooghly","West Bengal"
"712617","Hooghly","West Bengal"
"712701","Hooghly","West Bengal"
"712702","Hooghly","West Bengal"
"712706","Hooghly","West Bengal"
"713101","Purba Bardhaman","West Bengal"
"713102","Purba Bardhaman","West Bengal"
"713103","Purba Bardhaman","West Bengal"
"713104","Purba Bardhaman","West Bengal"
"713121","Purba Bardhaman","West Bengal"
"713122","Purba Bardhaman","West Bengal"
"713123","Purba Bardhaman","West Bengal"
"713124","Purba Bardhaman","West Bengal"
"713125","Purba Bardhaman","West Bengal"
"713126","Purba Bardhaman","West Bengal"
"713127","Purba Bardhaman","West Bengal"
"713128","Purba Bardhaman","West Bengal"
"713129","Purba Bardhaman","West Bengal"
"713130","Purba Bardhaman","West Bengal"
"713131","Purba Bardhaman","West Bengal"
"713132","Purba Bardhaman","West Bengal"
"713140","Purba Bardhaman","West Bengal"
"713141","Purba Bardhaman","West Bengal"
"713142","Purba Bardhaman","West Bengal"
"713143","Purba Bardhaman","West Bengal"
"713144","Purba Bardhaman","West Bengal"
"713145","Purba Bardhaman","West Bengal"
"713146","Purba Bardhaman","West Bengal"
"713147","Purba Bardhaman","West Bengal"
"713148","Paschim Bardhaman","West Bengal"
"713149","Purba Bardhaman","West Bengal"
"713150","Purba Bardhaman","West Bengal"
"713151","Purba Bardhaman","West Bengal"
"713152","Purba Bardhaman","West Bengal"
"713153","Purba Bardhaman","West Bengal"
"713154","Purba Bardhaman","West Bengal"
"713166","Purba Bardhaman","West Bengal"
"713201","Paschim Bardhaman","West Bengal"
"713202","Paschim Bardhaman","West Bengal"
"713203","Paschim Bardhaman","West Bengal"
"713204","Paschim Bardhaman","West Bengal"
"713205","Paschim Bardhaman","West Bengal"
"713206","Paschim Bardhaman","West Bengal"
"713207","Paschim Bardhaman","West Bengal"
"713208","Paschim Bardhaman","West Bengal"
"713209","Paschim Bardhaman","West Bengal"
"713210","Paschim Bardhaman","West Bengal"
"713211","Paschim Bardhaman","West Bengal"
"713212","Paschim Bardhaman","West Bengal"
"713213","Paschim Bardhaman","West Bengal"
"713214","Paschim Bardhaman","West Bengal"
"713215","Paschim Bardhaman","West Bengal"
"713216","Paschim Bardhaman","West Bengal"
"713217","Paschim Bardhaman","West Bengal"
"713301","Paschim Bardhaman","West Bengal"
"713302","Paschim Bardhaman","West Bengal"
"713303","Paschim Bardhaman","West Bengal"
"713304","Paschim Bardhaman","West Bengal"
"713305","Paschim Bardhaman","West Bengal"
"713315","Paschim Bardhaman","West Bengal"
"713321","Paschim Bardhaman","West Bengal"
"713322","Paschim Bardhaman","West Bengal"
"713323","Paschim Bardhaman","West Bengal"
"713324","Paschim Bardhaman","West Bengal"
"713325","Paschim Bardhaman","West Bengal"
"713326","Paschim Bardhaman","West Bengal"
"713330","Paschim Bardhaman","West Bengal"
"713331","Paschim Bardhaman","West Bengal"
"713332","Paschim Bardhaman","West Bengal"
"713333","Paschim Bardhaman","West Bengal"
"713334","Paschim Bardhaman","West Bengal"
"713335","Paschim Bardhaman","West Bengal"
"713336","Paschim Bardhaman","West Bengal"
"713337","Paschim Bardhaman","West Bengal"
"713338","Paschim Bardhaman","West Bengal"
"713339","Paschim Bardhaman","West Bengal"
"713340","Paschim Bardhaman","West Bengal"
"713341","Paschim Bardhaman","West Bengal"
"713342","Paschim Bardhaman","West Bengal"
"713343","Paschim Bardhaman","West Bengal"
"713344","Paschim Bardhaman","West Bengal"
"713346","Paschim Bardhaman","West Bengal"
"713347","Paschim Bardhaman","West Bengal"
"713357","Paschim Bardhaman","West Bengal"
"713358","Paschim Bardhaman","West Bengal"
"713359","Paschim Bardhaman","West Bengal"
"713360","Paschim Bardhaman","West Bengal"
"713361","Paschim Bardhaman","West Bengal"
"713362","Paschim Bardhaman","West Bengal"
"713363","Paschim Bardhaman","West Bengal"
"713365","Paschim Bardhaman","West Bengal"
"713369","Paschim Bardhaman","West Bengal"
"713370","Paschim Bardhaman","West Bengal"
"713371","Paschim Bardhaman","West Bengal"
"713372","Paschim Bardhaman","West Bengal"
"713373","Paschim Bardhaman","West Bengal"
"713376","Paschim Bardhaman","West Bengal"
"713378","Paschim Bardhaman","West Bengal"
"713381","Paschim Bardhaman","West Bengal"
"713384","Paschim Bardhaman","West Bengal"
"713385","Paschim Bardhaman","West Bengal"
"713386","Paschim Bardhaman","West Bengal"
"713401","Purba Bardhaman","West Bengal"
"713403","Purba Bardhaman","West Bengal"
"713404","Purba Bardhaman","West Bengal"
"713405","Purba Bardhaman","West Bengal"
"713406","Purba Bardhaman","West Bengal"
"713407","Purba Bardhaman","West Bengal"
"713408","Purba Bardhaman","West Bengal"
"713409","Purba Bardhaman","West Bengal"
"713420","Purba Bardhaman","West Bengal"
"713421","Purba Bardhaman","West Bengal"
"713422","Purba Bardhaman","West Bengal"
"713423","Purba Bardhaman","West Bengal"
"713424","Purba Bardhaman","West Bengal"
"713426","Purba Bardhaman","West Bengal"
"713427","Purba Bardhaman","West Bengal"
"713428","Purba Bardhaman","West Bengal"
"713502","Purba Bardhaman","West Bengal"
"713512","Purba Bardhaman","West Bengal"
"713513","Purba Bardhaman","West Bengal"
"713514","Purba Bardhaman","West Bengal"
"713515","Purba Bardhaman","West Bengal"
"713519","Purba Bardhaman","West Bengal"
"713520","Purba Bardhaman","West Bengal"
"721101","Medinipur West","West Bengal"
"721102","Medinipur West","West Bengal"
"721121","Medinipur West","West Bengal"
"721122","Medinipur West","West Bengal"
"721124","Medinipur West","West Bengal"
"721125","Jhargram","West Bengal"
"721126","Medinipur West","West Bengal"
"721127","Medinipur West","West Bengal"
"721128","Medinipur West","West Bengal"
"721129","Medinipur West","West Bengal"
"721130","Medinipur East","West Bengal"
"721131","Medinipur West","West Bengal"
"721132","Medinipur West","West Bengal"
"721133","Medinipur West","West Bengal"
"721134","Medinipur East","West Bengal"
"721135","Medinipur West","West Bengal"
"721136","Medinipur West","West Bengal"
"721137","Medinipur East","West Bengal"
"721139","Medinipur East","West Bengal"
"721140","Medinipur West","West Bengal"
"721143","Jhargram","West Bengal"
"721144","Medinipur West","West Bengal"
"721145","Medinipur West","West Bengal"
"721146","Medinipur West","West Bengal"
"721147","Medinipur West","West Bengal"
"721148","Medinipur West","West Bengal"
"721149","Medinipur West","West Bengal"
"721150","Medinipur West","West Bengal"
"721151","Medinipur East","West Bengal"
"721152","Medinipur East","West Bengal"
"721153","Medinipur West","West Bengal"
"721154","Medinipur East","West Bengal"
"721155","Medinipur West","West Bengal"
"721156","Medinipur West","West Bengal"
"721157","Medinipur West","West Bengal"
"721158","Medinipur East","West Bengal"
"721159","Jhargram","West Bengal"
"721160","Medinipur West","West Bengal"
"721161","Medinipur West","West Bengal"
"721166","Medinipur West","West Bengal"
"721171","Medinipur East","West Bengal"
"721172","Medinipur East","West Bengal"
"721201","Medinipur West","West Bengal"
"721211","Medinipur West","West Bengal"
"721212","Medinipur West","West Bengal"
"721222","Medinipur West","West Bengal"
"721232","Medinipur West","West Bengal"
"721242","Medinipur West","West Bengal"
"721253","Medinipur West","West Bengal"
"721260","Medinipur West","West Bengal"
"721301","Medinipur West","West Bengal"
"721302","Medinipur West","West Bengal"
"721303","Medinipur West","West Bengal"
"721304","Medinipur West","West Bengal"
"721305","Medinipur West","West Bengal"
"721306","Medinipur West","West Bengal"
"721401","Medinipur East","West Bengal"
"721402","Medinipur East","West Bengal"
"721403","Medinipur East","West Bengal"
"721404","Medinipur East","West Bengal"
"721405","Medinipur East","West Bengal"
"721406","Medinipur East","West Bengal"
"721420","Medinipur West","West Bengal"
"721422","Medinipur East","West Bengal"
"721423","Medinipur East","West Bengal"
"721424","Medinipur West","West Bengal"
"721425","Medinipur East","West Bengal"
"721426","Medinipur West","West Bengal"
"721427","Medinipur East","West Bengal"
"721428","Medinipur East","West Bengal"
"721429","Medinipur East","West Bengal"
"721430","Medinipur East","West Bengal"
"721431","Medinipur East","West Bengal"
"721432","Medinipur East","West Bengal"
"721433","Medinipur East","West Bengal"
"721434","Medinipur East","West Bengal"
"721435","Medinipur West","West Bengal"
"721436","Medinipur West","West Bengal"
"721437","Medinipur West","West Bengal"
"721438","Medinipur East","West Bengal"
"721439","Medinipur East","West Bengal"
"721440","Medinipur East","West Bengal"
"721441","Medinipur East","West Bengal"
"721442","Medinipur East","West Bengal"
"721443","Medinipur West","West Bengal"
"721444","Medinipur East","West Bengal"
"721445","Medinipur West","West Bengal"
"721446","Medinipur East","West Bengal"
"721447","Medinipur East","West Bengal"
"721448","Medinipur East","West Bengal"
"721449","Medinipur East","West Bengal"
"721450","Medinipur East","West Bengal"
"721451","Medinipur West","West Bengal"
"721452","Medinipur East","West Bengal"
"721453","Medinipur East","West Bengal"
"721454","Medinipur East","West Bengal"
"721455","Medinipur East","West Bengal"
"721456","Medinipur East","West Bengal"
"721457","Medinipur West","West Bengal"
"721458","Medinipur East","West Bengal"
"721463","Medinipur East","West Bengal"
"721467","Medinipur West","West Bengal"
"721501","Jhargram","West Bengal"
"721503","Jhargram","West Bengal"
"721504","Jhargram","West Bengal"
"721505","Jhargram","West Bengal"
"721506","Jhargram","West Bengal"
"721507","Jhargram","West Bengal"
"721513","Jhargram","West Bengal"
"721514","Jhargram","West Bengal"
"721515","Jhargram","West Bengal"
"721516","Jhargram","West Bengal"
"721517","Jhargram","West Bengal"
"721601","Medinipur East","West Bengal"
"721602","Medinipur East","West Bengal"
"721603","Medinipur East","West Bengal"
"721604","Medinipur East","West Bengal"
"721606","Medinipur East","West Bengal"
"721607","Medinipur East","West Bengal"
"721624","Medinipur East","West Bengal"
"721625","Medinipur East","West Bengal"
"721626","Medinipur East","West Bengal"
"721627","Medinipur East","West Bengal"
"721628","Medinipur East","West Bengal"
"721629","Medinipur East","West Bengal"
"721631","Medinipur East","West Bengal"
"721632","Medinipur East","West Bengal"
"721633","Medinipur East","West Bengal"
"721634","Medinipur East","West Bengal"
"721635","Medinipur East","West Bengal"
"721636","Medinipur East","West Bengal"
"721637","Medinipur East","West Bengal"
"721638","Medinipur East","West Bengal"
"721641","Medinipur West","West Bengal"
"721642","Medinipur East","West Bengal"
"721643","Medinipur East","West Bengal"
"721644","Medinipur East","West Bengal"
"721645","Medinipur East","West Bengal"
"721646","Medinipur East","West Bengal"
"721647","Medinipur East","West Bengal"
"721648","Medinipur East","West Bengal"
"721649","Medinipur East","West Bengal"
"721650","Medinipur East","West Bengal"
"721651","Medinipur East","West Bengal"
"721652","Medinipur East","West Bengal"
"721653","Medinipur East","West Bengal"
"721654","Medinipur East","West Bengal"
"721655","Medinipur East","West Bengal"
"721656","Medinipur East","West Bengal"
"721657","Medinipur East","West Bengal"
"721658","Medinipur East","West Bengal"
"721659","Medinipur East","West Bengal"
"722101","Bankura","West Bengal"
"722102","Bankura","West Bengal"
"722121","Bankura","West Bengal"
"722122","Bankura","West Bengal"
"722132","Bankura","West Bengal"
"722133","Bankura","West Bengal"
"722134","Bankura","West Bengal"
"722135","Bankura","West Bengal"
"722136","Bankura","West Bengal"
"722137","Bankura","West Bengal"
"722138","Bankura","West Bengal"
"722139","Bankura","West Bengal"
"722140","Bankura","West Bengal"
"722141","Bankura","West Bengal"
"722142","Bankura","West Bengal"
"722143","Bankura","West Bengal"
"722144","Bankura","West Bengal"
"722146","Bankura","West Bengal"
"722147","Bankura","West Bengal"
"722148","Bankura","West Bengal"
"722149","Bankura","West Bengal"
"722150","Bankura","West Bengal"
"722151","Bankura","West Bengal"
"722152","Bankura","West Bengal"
"722153","Bankura","West Bengal"
"722154","Bankura","West Bengal"
"722155","Bankura","West Bengal"
"722156","Bankura","West Bengal"
"722157","Bankura","West Bengal"
"722158","Bankura","West Bengal"
"722160","Bankura","West Bengal"
"722161","Bankura","West Bengal"
"722162","Bankura","West Bengal"
"722164","Bankura","West Bengal"
"722173","Bankura","West Bengal"
"722176","Bankura","West Bengal"
"722183","Bankura","West Bengal"
"722201","Bankura","West Bengal"
"722202","Bankura","West Bengal"
"722203","Bankura","West Bengal"
"722204","Bankura","West Bengal"
"722205","Bankura","West Bengal"
"722206","Bankura","West Bengal"
"722207","Bankura","West Bengal"
"722208","Bankura","West Bengal"
"723101","Purulia","West Bengal"
"723102","Purulia","West Bengal"
"723103","Purulia","West Bengal"
"723104","Purulia","West Bengal"
"723121","Purulia","West Bengal"
"723126","Purulia","West Bengal"
"723127","Purulia","West Bengal"
"723128","Purulia","West Bengal"
"723129","Purulia","West Bengal"
"723130","Purulia","West Bengal"
"723131","Purulia","West Bengal"
"723132","Purulia","West Bengal"
"723133","Purulia","West Bengal"
"723134","Purulia","West Bengal"
"723142","Purulia","West Bengal"
"723143","Purulia","West Bengal"
"723145","Purulia","West Bengal"
"723146","Purulia","West Bengal"
"723147","Purulia","West Bengal"
"723148","Purulia","West Bengal"
"723149","Purulia","West Bengal"
"723151","Purulia","West Bengal"
"723152","Purulia","West Bengal"
"723153","Purulia","West Bengal"
"723154","Purulia","West Bengal"
"723155","Purulia","West Bengal"
"723156","Purulia","West Bengal"
"723201","Purulia","West Bengal"
"723202","Purulia","West Bengal"
"723212","Purulia","West Bengal"
"723213","Purulia","West Bengal"
"723215","Purulia","West Bengal"
"731101","Birbhum","West Bengal"
"731102","Birbhum","West Bengal"
"731103","Birbhum","West Bengal"
"731104","Birbhum","West Bengal"
"731121","Birbhum","West Bengal"
"731123","Birbhum","West Bengal"
"731124","Birbhum","West Bengal"
"731125","Birbhum","West Bengal"
"731126","Birbhum","West Bengal"
"731127","Birbhum","West Bengal"
"731129","Birbhum","West Bengal"
"731130","Birbhum","West Bengal"
"731132","Birbhum","West Bengal"
"731133","Birbhum","West Bengal"
"731201","Birbhum","West Bengal"
"731202","Birbhum","West Bengal"
"731204","Birbhum","West Bengal"
"731214","Birbhum","West Bengal"
"731215","Birbhum","West Bengal"
"731216","Birbhum","West Bengal"
"731218","Birbhum","West Bengal"
"731219","Birbhum","West Bengal"
"731220","Birbhum","West Bengal"
"731221","Murshidabad","West Bengal"
"731222","Birbhum","West Bengal"
"731223","Birbhum","West Bengal"
"731224","Birbhum","West Bengal"
"731233","Birbhum","West Bengal"
"731234","Birbhum","West Bengal"
"731235","Birbhum","West Bengal"
"731236","Birbhum","West Bengal"
"731237","Birbhum","West Bengal"
"731238","Birbhum","West Bengal"
"731240","Birbhum","West Bengal"
"731241","Murshidabad","West Bengal"
"731242","Birbhum","West Bengal"
"731243","Birbhum","West Bengal"
"731244","Birbhum","West Bengal"
"731245","Birbhum","West Bengal"
"731301","Birbhum","West Bengal"
"731302","Birbhum","West Bengal"
"731303","Birbhum","West Bengal"
"731304","Birbhum","West Bengal"
"732101","Maldah","West Bengal"
"732102","Maldah","West Bengal"
"732103","Maldah","West Bengal"
"732121","Maldah","West Bengal"
"732122","Maldah","West Bengal"
"732123","Maldah","West Bengal"
"732124","Maldah","West Bengal"
"732125","Maldah","West Bengal"
"732126","Maldah","West Bengal"
"732127","Maldah","West Bengal"
"732128","Maldah","West Bengal"
"732138","Maldah","West Bengal"
"732139","Maldah","West Bengal"
"732140","Maldah","West Bengal"
"732141","Maldah","West Bengal"
"732142","Maldah","West Bengal"
"732144","Maldah","West Bengal"
"732201","Maldah","West Bengal"
"732202","Maldah","West Bengal"
"732203","Maldah","West Bengal"
"732204","Maldah","West Bengal"
"732205","Maldah","West Bengal"
"732206","Maldah","West Bengal"
"732207","Maldah","West Bengal"
"732208","Maldah","West Bengal"
"732209","Maldah","West Bengal"
"732210","Maldah","West Bengal"
"732215","Maldah","West Bengal"
"732216","Maldah","West Bengal"
"733101","Dinajpur Dakshin","West Bengal"
"733102","Dinajpur Dakshin","West Bengal"
"733103","Dinajpur Dakshin","West Bengal"
"733121","Dinajpur Dakshin","West Bengal"
"733123","Dinajpur Uttar","West Bengal"
"733124","Dinajpur Dakshin","West Bengal"
"733125","Dinajpur Dakshin","West Bengal"
"733126","Dinajpur Dakshin","West Bengal"
"733127","Dinajpur Dakshin","West Bengal"
"733128","Dinajpur Uttar","West Bengal"
"733129","Dinajpur Uttar","West Bengal"
"733130","Dinajpur Uttar","West Bengal"
"733132","Dinajpur Dakshin","West Bengal"
"733133","Dinajpur Dakshin","West Bengal"
"733134","Dinajpur Uttar","West Bengal"
"733139","Na","Not Applicable"
"733140","Dinajpur Dakshin","West Bengal"
"733141","Dinajpur Dakshin","West Bengal"
"733142","Dinajpur Dakshin","West Bengal"
"733143","Dinajpur Uttar","West Bengal"
"733145","Dinajpur Dakshin","West Bengal"
"733156","Dinajpur Uttar","West Bengal"
"733158","Dinajpur Dakshin","West Bengal"
"733201","Dinajpur Uttar","West Bengal"
"733202","Dinajpur Uttar","West Bengal"
"733207","Dinajpur Uttar","West Bengal"
"733208","Dinajpur Uttar","West Bengal"
"733209","Dinajpur Uttar","West Bengal"
"733210","Dinajpur Uttar","West Bengal"
"733215","Dinajpur Uttar","West Bengal"
"734001","Jalpaiguri","West Bengal"
"734002","Darjeeling","West Bengal"
"734003","Darjeeling","West Bengal"
"734004","Jalpaiguri","West Bengal"
"734005","Darjeeling","West Bengal"
"734006","Jalpaiguri","West Bengal"
"734007","Jalpaiguri","West Bengal"
"734008","Kalimpong","West Bengal"
"734009","Darjeeling","West Bengal"
"734010","Darjeeling","West Bengal"
"734011","Darjeeling","West Bengal"
"734012","Darjeeling","West Bengal"
"734013","Darjeeling","West Bengal"
"734014","Darjeeling","West Bengal"
"734015","Jalpaiguri","West Bengal"
"734091","Na","Not Applicable"
"734101","Darjeeling","West Bengal"
"734102","Darjeeling","West Bengal"
"734103","Darjeeling","West Bengal"
"734104","Darjeeling","West Bengal"
"734105","Darjeeling","West Bengal"
"734201","Darjeeling","West Bengal"
"734203","Darjeeling","West Bengal"
"734204","Darjeeling","West Bengal"
"734209","Darjeeling","West Bengal"
"734213","Darjeeling","West Bengal"
"734214","Darjeeling","West Bengal"
"734215","Darjeeling","West Bengal"
"734216","Darjeeling","West Bengal"
"734217","Darjeeling","West Bengal"
"734218","Darjeeling","West Bengal"
"734220","Darjeeling","West Bengal"
"734221","Darjeeling","West Bengal"
"734222","Darjeeling","West Bengal"
"734223","Darjeeling","West Bengal"
"734224","Darjeeling","West Bengal"
"734226","Darjeeling","West Bengal"
"734301","Kalimpong","West Bengal"
"734311","Kalimpong","West Bengal"
"734312","Darjeeling","West Bengal"
"734313","Darjeeling","West Bengal"
"734314","Kalimpong","West Bengal"
"734315","Kalimpong","West Bengal"
"734316","Kalimpong","West Bengal"
"734421","Darjeeling","West Bengal"
"734423","Darjeeling","West Bengal"
"734424","Darjeeling","West Bengal"
"734425","Darjeeling","West Bengal"
"734426","Darjeeling","West Bengal"
"734427","Darjeeling","West Bengal"
"734429","Darjeeling","West Bengal"
"734434","Darjeeling","West Bengal"
"734501","Jalpaiguri","West Bengal"
"734503","Kalimpong","West Bengal"
"735101","Jalpaiguri","West Bengal"
"735102","Jalpaiguri","West Bengal"
"735121","Jalpaiguri","West Bengal"
"735122","Coochbehar","West Bengal"
"735132","Jalpaiguri","West Bengal"
"735133","Jalpaiguri","West Bengal"
"735134","Jalpaiguri","West Bengal"
"735135","Jalpaiguri","West Bengal"
"735202","Jalpaiguri","West Bengal"
"735203","Jalpaiguri","West Bengal"
"735204","Alipurduar","West Bengal"
"735205","Jalpaiguri","West Bengal"
"735206","Jalpaiguri","West Bengal"
"735207","Jalpaiguri","West Bengal"
"735208","Alipurduar","West Bengal"
"735209","Jalpaiguri","West Bengal"
"735210","Jalpaiguri","West Bengal"
"735211","Alipurduar","West Bengal"
"735212","Jalpaiguri","West Bengal"
"735213","Alipurduar","West Bengal"
"735214","Alipurduar","West Bengal"
"735215","Alipurduar","West Bengal"
"735216","Alipurduar","West Bengal"
"735217","Alipurduar","West Bengal"
"735218","Jalpaiguri","West Bengal"
"735219","Jalpaiguri","West Bengal"
"735220","Alipurduar","West Bengal"
"735221","Jalpaiguri","West Bengal"
"735222","Jalpaiguri","West Bengal"
"735223","Kalimpong","West Bengal"
"735224","Jalpaiguri","West Bengal"
"735225","Jalpaiguri","West Bengal"
"735226","Alipurduar","West Bengal"
"735227","Alipurduar","West Bengal"
"735228","Alipurduar","West Bengal"
"735229","Jalpaiguri","West Bengal"
"735230","Jalpaiguri","West Bengal"
"735231","Kalimpong","West Bengal"
"735232","Jalpaiguri","West Bengal"
"735233","Jalpaiguri","West Bengal"
"735234","Jalpaiguri","West Bengal"
"735301","Coochbehar","West Bengal"
"735302","Jalpaiguri","West Bengal"
"735303","Coochbehar","West Bengal"
"735304","Coochbehar","West Bengal"
"735305","Jalpaiguri","West Bengal"
"736101","Coochbehar","West Bengal"
"736121","Alipurduar","West Bengal"
"736122","Alipurduar","West Bengal"
"736123","Alipurduar","West Bengal"
"736131","Coochbehar","West Bengal"
"736133","Coochbehar","West Bengal"
"736134","Coochbehar","West Bengal"
"736135","Coochbehar","West Bengal"
"736145","Coochbehar","West Bengal"
"736146","Coochbehar","West Bengal"
"736156","Coochbehar","West Bengal"
"736157","Coochbehar","West Bengal"
"736158","Coochbehar","West Bengal"
"736159","Coochbehar","West Bengal"
"736160","Coochbehar","West Bengal"
"736165","Coochbehar","West Bengal"
"736167","Coochbehar","West Bengal"
"736168","Coochbehar","West Bengal"
"736169","Coochbehar","West Bengal"
"736170","Coochbehar","West Bengal"
"736171","Coochbehar","West Bengal"
"736172","Coochbehar","West Bengal"
"736176","Coochbehar","West Bengal"
"736179","Coochbehar","West Bengal"
"736182","Alipurduar","West Bengal"
"736201","Alipurduar","West Bengal"
"736202","Alipurduar","West Bengal"
"736203","Alipurduar","West Bengal"
"736204","Alipurduar","West Bengal"
"736205","Alipurduar","West Bengal"
"736206","Alipurduar","West Bengal"
"736207","Coochbehar","West Bengal"
"736208","Alipurduar","West Bengal"
"736209","Na","Not Applicable"
"737101","East District","Sikkim"
"737102","East District","Sikkim"
"737103","East District","Sikkim"
"737106","Pakyong","Sikkim"
"737107","East District","Sikkim"
"737111","West District","Sikkim"
"737113","West District","Sikkim"
"737116","North District","Sikkim"
"737120","North District","Sikkim"
"737121","South District","Sikkim"
"737126","South District","Sikkim"
"737128","South District","Sikkim"
"737131","Pakyong","Sikkim"
"737132","Pakyong","Sikkim"
"737133","Pakyong","Sikkim"
"737134","East District","Sikkim"
"737135","East District","Sikkim"
"737136","East District","Sikkim"
"737139","South District","Sikkim"
"741101","Nadia","West Bengal"
"741102","Nadia","West Bengal"
"741103","Nadia","West Bengal"
"741121","Nadia","West Bengal"
"741122","Nadia","West Bengal"
"741123","Nadia","West Bengal"
"741124","Nadia","West Bengal"
"741125","Nadia","West Bengal"
"741126","Nadia","West Bengal"
"741127","Nadia","West Bengal"
"741137","Nadia","West Bengal"
"741138","Nadia","West Bengal"
"741139","Nadia","West Bengal"
"741140","Nadia","West Bengal"
"741150","Nadia","West Bengal"
"741151","Nadia","West Bengal"
"741152","Nadia","West Bengal"
"741153","Nadia","West Bengal"
"741154","Nadia","West Bengal"
"741155","Nadia","West Bengal"
"741156","Nadia","West Bengal"
"741157","Nadia","West Bengal"
"741158","Nadia","West Bengal"
"741159","Nadia","West Bengal"
"741160","Nadia","West Bengal"
"741161","Nadia","West Bengal"
"741162","Nadia","West Bengal"
"741163","Nadia","West Bengal"
"741164","Nadia","West Bengal"
"741165","Nadia","West Bengal"
"741166","Nadia","West Bengal"
"741167","Nadia","West Bengal"
"741181","Nadia","West Bengal"
"741201","Nadia","West Bengal"
"741202","Nadia","West Bengal"
"741221","Nadia","West Bengal"
"741222","Nadia","West Bengal"
"741223","Nadia","West Bengal"
"741232","Nadia","West Bengal"
"741234","Nadia","West Bengal"
"741235","Nadia","West Bengal"
"741238","Nadia","West Bengal"
"741245","Nadia","West Bengal"
"741246","Nadia","West Bengal"
"741247","Nadia","West Bengal"
"741248","Nadia","West Bengal"
"741249","Nadia","West Bengal"
"741250","Nadia","West Bengal"
"741251","Nadia","West Bengal"
"741252","Nadia","West Bengal"
"741253","Nadia","West Bengal"
"741254","Nadia","West Bengal"
"741255","Nadia","West Bengal"
"741256","Nadia","West Bengal"
"741257","Nadia","West Bengal"
"741301","Nadia","West Bengal"
"741302","Nadia","West Bengal"
"741313","Nadia","West Bengal"
"741315","Nadia","West Bengal"
"741316","Nadia","West Bengal"
"741317","Nadia","West Bengal"
"741319","Purba Bardhaman","West Bengal"
"741401","Nadia","West Bengal"
"741402","Nadia","West Bengal"
"741404","Nadia","West Bengal"
"741501","Nadia","West Bengal"
"741502","Nadia","West Bengal"
"741503","Nadia","West Bengal"
"741504","Nadia","West Bengal"
"741505","Nadia","West Bengal"
"741506","Nadia","West Bengal"
"741507","Nadia","West Bengal"
"741508","Nadia","West Bengal"
"741509","Nadia","West Bengal"
"742101","Murshidabad","West Bengal"
"742102","Murshidabad","West Bengal"
"742103","Murshidabad","West Bengal"
"742104","Murshidabad","West Bengal"
"742113","Murshidabad","West Bengal"
"742121","Murshidabad","West Bengal"
"742122","Murshidabad","West Bengal"
"742123","Murshidabad","West Bengal"
"742132","Murshidabad","West Bengal"
"742133","Murshidabad","West Bengal"
"742134","Murshidabad","West Bengal"
"742135","Murshidabad","West Bengal"
"742136","Murshidabad","West Bengal"
"742137","Murshidabad","West Bengal"
"742138","Murshidabad","West Bengal"
"742140","Murshidabad","West Bengal"
"742147","Murshidabad","West Bengal"
"742148","Murshidabad","West Bengal"
"742149","Murshidabad","West Bengal"
"742151","Murshidabad","West Bengal"
"742159","Murshidabad","West Bengal"
"742160","Murshidabad","West Bengal"
"742161","Murshidabad","West Bengal"
"742163","Murshidabad","West Bengal"
"742164","Murshidabad","West Bengal"
"742165","Murshidabad","West Bengal"
"742166","Murshidabad","West Bengal"
"742168","Murshidabad","West Bengal"
"742174","Murshidabad","West Bengal"
"742175","Murshidabad","West Bengal"
"742184","Murshidabad","West Bengal"
"742187","Murshidabad","West Bengal"
"742189","Murshidabad","West Bengal"
"742201","Murshidabad","West Bengal"
"742202","Murshidabad","West Bengal"
"742212","Murshidabad","West Bengal"
"742213","Murshidabad","West Bengal"
"742223","Murshidabad","West Bengal"
"742224","Murshidabad","West Bengal"
"742225","Murshidabad","West Bengal"
"742226","Murshidabad","West Bengal"
"742227","Murshidabad","West Bengal"
"742235","Murshidabad","West Bengal"
"742236","Murshidabad","West Bengal"
"742237","Murshidabad","West Bengal"
"742238","Murshidabad","West Bengal"
"742301","Murshidabad","West Bengal"
"742302","Murshidabad","West Bengal"
"742303","Murshidabad","West Bengal"
"742304","Murshidabad","West Bengal"
"742305","Murshidabad","West Bengal"
"742306","Murshidabad","West Bengal"
"742308","Murshidabad","West Bengal"
"742401","Murshidabad","West Bengal"
"742402","Murshidabad","West Bengal"
"742404","Murshidabad","West Bengal"
"742405","Murshidabad","West Bengal"
"742406","Murshidabad","West Bengal"
"742407","Murshidabad","West Bengal"
"742408","Murshidabad","West Bengal"
"742409","Murshidabad","West Bengal"
"742410","Murshidabad","West Bengal"
"743122","North 24 Parganas","West Bengal"
"743123","North 24 Parganas","West Bengal"
"743124","North 24 Parganas","West Bengal"
"743125","North 24 Parganas","West Bengal"
"743126","North 24 Parganas","West Bengal"
"743127","North 24 Parganas","West Bengal"
"743128","North 24 Parganas","West Bengal"
"743129","North 24 Parganas","West Bengal"
"743130","North 24 Parganas","West Bengal"
"743133","North 24 Parganas","West Bengal"
"743134","North 24 Parganas","West Bengal"
"743135","North 24 Parganas","West Bengal"
"743136","North 24 Parganas","West Bengal"
"743144","North 24 Parganas","West Bengal"
"743145","North 24 Parganas","West Bengal"
"743165","North 24 Parganas","West Bengal"
"743166","North 24 Parganas","West Bengal"
"743193","North 24 Parganas","West Bengal"
"743194","North 24 Parganas","West Bengal"
"743221","North 24 Parganas","West Bengal"
"743222","North 24 Parganas","West Bengal"
"743223","North 24 Parganas","West Bengal"
"743232","North 24 Parganas","West Bengal"
"743233","North 24 Parganas","West Bengal"
"743234","North 24 Parganas","West Bengal"
"743235","North 24 Parganas","West Bengal"
"743245","North 24 Parganas","West Bengal"
"743247","North 24 Parganas","West Bengal"
"743248","North 24 Parganas","West Bengal"
"743249","North 24 Parganas","West Bengal"
"743251","North 24 Parganas","West Bengal"
"743252","North 24 Parganas","West Bengal"
"743262","North 24 Parganas","West Bengal"
"743263","North 24 Parganas","West Bengal"
"743268","North 24 Parganas","West Bengal"
"743270","North 24 Parganas","West Bengal"
"743271","North 24 Parganas","West Bengal"
"743272","North 24 Parganas","West Bengal"
"743273","North 24 Parganas","West Bengal"
"743286","North 24 Parganas","West Bengal"
"743287","North 24 Parganas","West Bengal"
"743289","North 24 Parganas","West Bengal"
"743290","North 24 Parganas","West Bengal"
"743291","North 24 Parganas","West Bengal"
"743292","North 24 Parganas","West Bengal"
"743293","North 24 Parganas","West Bengal"
"743294","North 24 Parganas","West Bengal"
"743297","North 24 Parganas","West Bengal"
"743312","South 24 Parganas","West Bengal"
"743318","South 24 Parganas","West Bengal"
"743329","North 24 Parganas","West Bengal"
"743330","South 24 Parganas","West Bengal"
"743331","South 24 Parganas","West Bengal"
"743332","South 24 Parganas","West Bengal"
"743336","South 24 Parganas","West Bengal"
"743337","South 24 Parganas","West Bengal"
"743338","South 24 Parganas","West Bengal"
"743345","South 24 Parganas","West Bengal"
"743347","South 24 Parganas","West Bengal"
"743348","South 24 Parganas","West Bengal"
"743349","South 24 Parganas","West Bengal"
"743351","South 24 Parganas","West Bengal"
"743354","South 24 Parganas","West Bengal"
"743355","South 24 Parganas","West Bengal"
"743356","South 24 Parganas","West Bengal"
"743357","South 24 Parganas","West Bengal"
"743363","South 24 Parganas","West Bengal"
"743368","South 24 Parganas","West Bengal"
"743370","South 24 Parganas","West Bengal"
"743371","South 24 Parganas","West Bengal"
"743372","South 24 Parganas","West Bengal"
"743373","South 24 Parganas","West Bengal"
"743374","South 24 Parganas","West Bengal"
"743375","South 24 Parganas","West Bengal"
"743376","South 24 Parganas","West Bengal"
"743377","South 24 Parganas","West Bengal"
"743378","South 24 Parganas","West Bengal"
"743383","South 24 Parganas","West Bengal"
"743387","South 24 Parganas","West Bengal"
"743395","South 24 Parganas","West Bengal"
"743399","South 24 Parganas","West Bengal"
"743401","North 24 Parganas","West Bengal"
"743405","North 24 Parganas","West Bengal"
"743411","North 24 Parganas","West Bengal"
"743412","North 24 Parganas","West Bengal"
"743422","North 24 Parganas","West Bengal"
"743423","North 24 Parganas","West Bengal"
"743424","North 24 Parganas","West Bengal"
"743425","North 24 Parganas","West Bengal"
"743426","North 24 Parganas","West Bengal"
"743427","North 24 Parganas","West Bengal"
"743428","North 24 Parganas","West Bengal"
"743429","North 24 Parganas","West Bengal"
"743435","North 24 Parganas","West Bengal"
"743437","North 24 Parganas","West Bengal"
"743438","North 24 Parganas","West Bengal"
"743439","North 24 Parganas","West Bengal"
"743442","North 24 Parganas","West Bengal"
"743445","North 24 Parganas","West Bengal"
"743446","North 24 Parganas","West Bengal"
"743456","North 24 Parganas","West Bengal"
"743502","South 24 Parganas","West Bengal"
"743503","South 24 Parganas","West Bengal"
"743504","South 24 Parganas","West Bengal"
"743513","South 24 Parganas","West Bengal"
"743609","South 24 Parganas","West Bengal"
"743610","South 24 Parganas","West Bengal"
"743611","South 24 Parganas","West Bengal"
"743613","South 24 Parganas","West Bengal"
"743701","North 24 Parganas","West Bengal"
"743702","North 24 Parganas","West Bengal"
"743704","North 24 Parganas","West Bengal"
"743710","North 24 Parganas","West Bengal"
"743711","North 24 Parganas","West Bengal"
"744101","South Andamans","Andaman And Nicobar Islands"
"744102","South Andamans","Andaman And Nicobar Islands"
"744103","South Andamans","Andaman And Nicobar Islands"
"744104","South Andamans","Andaman And Nicobar Islands"
"744105","South Andamans","Andaman And Nicobar Islands"
"744106","South Andamans","Andaman And Nicobar Islands"
"744107","South Andamans","Andaman And Nicobar Islands"
"744112","South Andamans","Andaman And Nicobar Islands"
"744201","North And Middle Andaman","Andaman And Nicobar Islands"
"744202","North And Middle Andaman","Andaman And Nicobar Islands"
"744203","North And Middle Andaman","Andaman And Nicobar Islands"
"744204","North And Middle Andaman","Andaman And Nicobar Islands"
"744205","North And Middle Andaman","Andaman And Nicobar Islands"
"744206","South Andamans","Andaman And Nicobar Islands"
"744207","South Andamans","Andaman And Nicobar Islands"
"744209","North And Middle Andaman","Andaman And Nicobar Islands"
"744210","North And Middle Andaman","Andaman And Nicobar Islands"
"744211","South Andamans","Andaman And Nicobar Islands"
"744301","Nicobars","Andaman And Nicobar Islands"
"744302","Nicobars","Andaman And Nicobar Islands"
"744303","Nicobars","Andaman And Nicobar Islands"
"744304","Nicobars","Andaman And Nicobar Islands"
"751001","Khordha","Odisha"
"751002","Khordha","Odisha"
"751003","Khordha","Odisha"
"751004","Khordha","Odisha"
"751005","Khordha","Odisha"
"751006","Khordha","Odisha"
"751007","Khordha","Odisha"
"751008","Khordha","Odisha"
"751009","Khordha","Odisha"
"751010","Khordha","Odisha"
"751011","Khordha","Odisha"
"751012","Khordha","Odisha"
"751013","Khordha","Odisha"
"751014","Khordha","Odisha"
"751015","Khordha","Odisha"
"751016","Khordha","Odisha"
"751017","Khordha","Odisha"
"751018","Khordha","Odisha"
"751019","Khordha","Odisha"
"751020","Khordha","Odisha"
"751021","Khordha","Odisha"
"751022","Khordha","Odisha"
"751023","Khordha","Odisha"
"751024","Khordha","Odisha"
"751025","Khordha","Odisha"
"751026","Khordha","Odisha"
"751028","Khordha","Odisha"
"751029","Khordha","Odisha"
"751030","Khordha","Odisha"
"751031","Khordha","Odisha"
"751032","Khordha","Odisha"
"751033","Khordha","Odisha"
"751034","Khordha","Odisha"
"751035","Khordha","Odisha"
"752001","Puri","Odisha"
"752002","Puri","Odisha"
"752003","Puri","Odisha"
"752004","Puri","Odisha"
"752010","Puri","Odisha"
"752011","Puri","Odisha"
"752012","Puri","Odisha"
"752013","Puri","Odisha"
"752014","Puri","Odisha"
"752015","Puri","Odisha"
"752016","Puri","Odisha"
"752017","Puri","Odisha"
"752018","Khordha","Odisha"
"752019","Puri","Odisha"
"752020","Khordha","Odisha"
"752021","Khordha","Odisha"
"752022","Khordha","Odisha"
"752023","Khordha","Odisha"
"752024","Nayagarh","Odisha"
"752025","Nayagarh","Odisha"
"752026","Nayagarh","Odisha"
"752027","Khordha","Odisha"
"752030","Khordha","Odisha"
"752031","Khordha","Odisha"
"752032","Puri","Odisha"
"752034","Khordha","Odisha"
"752035","Khordha","Odisha"
"752037","Khordha","Odisha"
"752038","Khordha","Odisha"
"752045","Puri","Odisha"
"752046","Puri","Odisha"
"752050","Khordha","Odisha"
"752054","Khordha","Odisha"
"752055","Khordha","Odisha"
"752056","Khordha","Odisha"
"752057","Khordha","Odisha"
"752060","Khordha","Odisha"
"752061","Khordha","Odisha"
"752062","Khordha","Odisha"
"752063","Nayagarh","Odisha"
"752064","Khordha","Odisha"
"752065","Nayagarh","Odisha"
"752066","Khordha","Odisha"
"752068","Nayagarh","Odisha"
"752069","Nayagarh","Odisha"
"752070","Nayagarh","Odisha"
"752077","Nayagarh","Odisha"
"752078","Nayagarh","Odisha"
"752079","Nayagarh","Odisha"
"752080","Nayagarh","Odisha"
"752081","Nayagarh","Odisha"
"752082","Nayagarh","Odisha"
"752083","Nayagarh","Odisha"
"752084","Nayagarh","Odisha"
"752085","Nayagarh","Odisha"
"752089","Nayagarh","Odisha"
"752090","Nayagarh","Odisha"
"752091","Nayagarh","Odisha"
"752092","Nayagarh","Odisha"
"752093","Nayagarh","Odisha"
"752094","Nayagarh","Odisha"
"752100","Khordha","Odisha"
"752101","Khordha","Odisha"
"752102","Khordha","Odisha"
"752103","Khordha","Odisha"
"752104","Puri","Odisha"
"752105","Puri","Odisha"
"752106","Puri","Odisha"
"752107","Puri","Odisha"
"752108","Puri","Odisha"
"752109","Puri","Odisha"
"752110","Puri","Odisha"
"752111","Puri","Odisha"
"752113","Puri","Odisha"
"752114","Puri","Odisha"
"752115","Khordha","Odisha"
"752116","Puri","Odisha"
"752118","Puri","Odisha"
"752119","Puri","Odisha"
"752120","Puri","Odisha"
"752121","Puri","Odisha"
"753001","Cuttack","Odisha"
"753002","Cuttack","Odisha"
"753003","Cuttack","Odisha"
"753004","Cuttack","Odisha"
"753006","Cuttack","Odisha"
"753007","Cuttack","Odisha"
"753008","Cuttack","Odisha"
"753009","Cuttack","Odisha"
"753010","Cuttack","Odisha"
"753011","Cuttack","Odisha"
"753012","Cuttack","Odisha"
"753013","Cuttack","Odisha"
"753014","Cuttack","Odisha"
"753015","Cuttack","Odisha"
"753016","Cuttack","Odisha"
"754001","Cuttack","Odisha"
"754002","Cuttack","Odisha"
"754003","Cuttack","Odisha"
"754004","Cuttack","Odisha"
"754005","Cuttack","Odisha"
"754006","Cuttack","Odisha"
"754007","Cuttack","Odisha"
"754008","Cuttack","Odisha"
"754009","Cuttack","Odisha"
"754010","Cuttack","Odisha"
"754011","Cuttack","Odisha"
"754012","Khordha","Odisha"
"754013","Cuttack","Odisha"
"754018","Cuttack","Odisha"
"754021","Cuttack","Odisha"
"754022","Cuttack","Odisha"
"754023","Jajapur","Odisha"
"754024","Jajapur","Odisha"
"754025","Cuttack","Odisha"
"754026","Cuttack","Odisha"
"754027","Cuttack","Odisha"
"754028","Cuttack","Odisha"
"754029","Cuttack","Odisha"
"754030","Cuttack","Odisha"
"754031","Cuttack","Odisha"
"754032","Cuttack","Odisha"
"754034","Cuttack","Odisha"
"754035","Cuttack","Odisha"
"754037","Cuttack","Odisha"
"754071","Cuttack","Odisha"
"754082","Jajapur","Odisha"
"754100","Cuttack","Odisha"
"754102","Jagatsinghapur","Odisha"
"754103","Jagatsinghapur","Odisha"
"754104","Jagatsinghapur","Odisha"
"754105","Cuttack","Odisha"
"754106","Jagatsinghapur","Odisha"
"754107","Jagatsinghapur","Odisha"
"754108","Jagatsinghapur","Odisha"
"754109","Jagatsinghapur","Odisha"
"754110","Jagatsinghapur","Odisha"
"754111","Jagatsinghapur","Odisha"
"754112","Cuttack","Odisha"
"754113","Jagatsinghapur","Odisha"
"754114","Jagatsinghapur","Odisha"
"754119","Jagatsinghapur","Odisha"
"754120","Jagatsinghapur","Odisha"
"754130","Cuttack","Odisha"
"754131","Cuttack","Odisha"
"754132","Jagatsinghapur","Odisha"
"754133","Jagatsinghapur","Odisha"
"754134","Cuttack","Odisha"
"754135","Kendrapara","Odisha"
"754136","Jagatsinghapur","Odisha"
"754137","Jagatsinghapur","Odisha"
"754138","Jagatsinghapur","Odisha"
"754139","Jagatsinghapur","Odisha"
"754140","Jagatsinghapur","Odisha"
"754141","Jagatsinghapur","Odisha"
"754142","Jagatsinghapur","Odisha"
"754145","Jagatsinghapur","Odisha"
"754153","Kendrapara","Odisha"
"754160","Jagatsinghapur","Odisha"
"754162","Kendrapara","Odisha"
"754200","Cuttack","Odisha"
"754201","Cuttack","Odisha"
"754202","Cuttack","Odisha"
"754203","Cuttack","Odisha"
"754204","Cuttack","Odisha"
"754205","Jajapur","Odisha"
"754206","Cuttack","Odisha"
"754207","Cuttack","Odisha"
"754208","Kendrapara","Odisha"
"754209","Cuttack","Odisha"
"754210","Kendrapara","Odisha"
"754211","Kendrapara","Odisha"
"754212","Kendrapara","Odisha"
"754213","Kendrapara","Odisha"
"754214","Kendrapara","Odisha"
"754215","Kendrapara","Odisha"
"754216","Kendrapara","Odisha"
"754217","Kendrapara","Odisha"
"754218","Kendrapara","Odisha"
"754219","Kendrapara","Odisha"
"754220","Kendrapara","Odisha"
"754221","Cuttack","Odisha"
"754222","Kendrapara","Odisha"
"754223","Kendrapara","Odisha"
"754224","Kendrapara","Odisha"
"754225","Kendrapara","Odisha"
"754227","Kendrapara","Odisha"
"754228","Kendrapara","Odisha"
"754231","Kendrapara","Odisha"
"754239","Kendrapara","Odisha"
"754240","Kendrapara","Odisha"
"754244","Kendrapara","Odisha"
"754245","Kendrapara","Odisha"
"754246","Kendrapara","Odisha"
"754248","Kendrapara","Odisha"
"754250","Kendrapara","Odisha"
"754253","Kendrapara","Odisha"
"754289","Kendrapara","Odisha"
"754290","Cuttack","Odisha"
"754292","Jajapur","Odisha"
"754293","Cuttack","Odisha"
"754294","Jagatsinghapur","Odisha"
"754295","Cuttack","Odisha"
"754296","Jajapur","Odisha"
"754297","Cuttack","Odisha"
"754298","Cuttack","Odisha"
"754299","Cuttack","Odisha"
"755001","Jajapur","Odisha"
"755003","Jajapur","Odisha"
"755004","Jajapur","Odisha"
"755005","Jajapur","Odisha"
"755006","Jajapur","Odisha"
"755007","Jajapur","Odisha"
"755008","Jajapur","Odisha"
"755009","Jajapur","Odisha"
"755010","Jajapur","Odisha"
"755011","Jajapur","Odisha"
"755012","Jajapur","Odisha"
"755013","Jajapur","Odisha"
"755014","Jajapur","Odisha"
"755015","Jajapur","Odisha"
"755016","Jajapur","Odisha"
"755017","Jajapur","Odisha"
"755018","Jajapur","Odisha"
"755019","Jajapur","Odisha"
"755020","Jajapur","Odisha"
"755022","Jajapur","Odisha"
"755023","Jajapur","Odisha"
"755024","Jajapur","Odisha"
"755025","Jajapur","Odisha"
"755026","Jajapur","Odisha"
"755027","Jajapur","Odisha"
"755028","Jajapur","Odisha"
"755036","Jajapur","Odisha"
"755043","Jajapur","Odisha"
"755044","Jajapur","Odisha"
"755049","Jajapur","Odisha"
"755050","Jajapur","Odisha"
"755051","Jajapur","Odisha"
"755061","Kendrapara","Odisha"
"755062","Jajapur","Odisha"
"755063","Jajapur","Odisha"
"756001","Baleshwar","Odisha"
"756002","Baleshwar","Odisha"
"756003","Baleshwar","Odisha"
"756019","Baleshwar","Odisha"
"756020","Baleshwar","Odisha"
"756021","Baleshwar","Odisha"
"756022","Baleshwar","Odisha"
"756023","Baleshwar","Odisha"
"756024","Baleshwar","Odisha"
"756025","Baleshwar","Odisha"
"756026","Baleshwar","Odisha"
"756027","Baleshwar","Odisha"
"756028","Baleshwar","Odisha"
"756029","Baleshwar","Odisha"
"756030","Baleshwar","Odisha"
"756032","Baleshwar","Odisha"
"756033","Baleshwar","Odisha"
"756034","Baleshwar","Odisha"
"756035","Baleshwar","Odisha"
"756036","Baleshwar","Odisha"
"756037","Baleshwar","Odisha"
"756038","Baleshwar","Odisha"
"756039","Baleshwar","Odisha"
"756040","Baleshwar","Odisha"
"756041","Baleshwar","Odisha"
"756042","Baleshwar","Odisha"
"756043","Baleshwar","Odisha"
"756044","Baleshwar","Odisha"
"756045","Baleshwar","Odisha"
"756046","Bhadrak","Odisha"
"756047","Baleshwar","Odisha"
"756048","Baleshwar","Odisha"
"756049","Baleshwar","Odisha"
"756050","Baleshwar","Odisha"
"756051","Baleshwar","Odisha"
"756055","Baleshwar","Odisha"
"756056","Baleshwar","Odisha"
"756058","Baleshwar","Odisha"
"756059","Baleshwar","Odisha"
"756060","Baleshwar","Odisha"
"756079","Baleshwar","Odisha"
"756080","Baleshwar","Odisha"
"756081","Baleshwar","Odisha"
"756083","Baleshwar","Odisha"
"756084","Baleshwar","Odisha"
"756085","Baleshwar","Odisha"
"756086","Baleshwar","Odisha"
"756087","Baleshwar","Odisha"
"756088","Baleshwar","Odisha"
"756089","Baleshwar","Odisha"
"756100","Bhadrak","Odisha"
"756101","Bhadrak","Odisha"
"756111","Bhadrak","Odisha"
"756112","Bhadrak","Odisha"
"756113","Bhadrak","Odisha"
"756114","Bhadrak","Odisha"
"756115","Baleshwar","Odisha"
"756116","Bhadrak","Odisha"
"756117","Bhadrak","Odisha"
"756118","Bhadrak","Odisha"
"756119","Bhadrak","Odisha"
"756120","Bhadrak","Odisha"
"756121","Bhadrak","Odisha"
"756122","Bhadrak","Odisha"
"756123","Bhadrak","Odisha"
"756124","Bhadrak","Odisha"
"756125","Bhadrak","Odisha"
"756126","Baleshwar","Odisha"
"756127","Bhadrak","Odisha"
"756128","Bhadrak","Odisha"
"756129","Bhadrak","Odisha"
"756130","Bhadrak","Odisha"
"756131","Bhadrak","Odisha"
"756132","Bhadrak","Odisha"
"756133","Bhadrak","Odisha"
"756134","Baleshwar","Odisha"
"756135","Bhadrak","Odisha"
"756137","Bhadrak","Odisha"
"756138","Bhadrak","Odisha"
"756139","Bhadrak","Odisha"
"756144","Bhadrak","Odisha"
"756162","Bhadrak","Odisha"
"756163","Bhadrak","Odisha"
"756164","Bhadrak","Odisha"
"756165","Bhadrak","Odisha"
"756166","Baleshwar","Odisha"
"756167","Bhadrak","Odisha"
"756168","Bhadrak","Odisha"
"756171","Bhadrak","Odisha"
"756181","Bhadrak","Odisha"
"756182","Baleshwar","Odisha"
"757001","Mayurbhanj","Odisha"
"757002","Mayurbhanj","Odisha"
"757003","Mayurbhanj","Odisha"
"757014","Mayurbhanj","Odisha"
"757016","Mayurbhanj","Odisha"
"757017","Mayurbhanj","Odisha"
"757018","Mayurbhanj","Odisha"
"757019","Mayurbhanj","Odisha"
"757020","Mayurbhanj","Odisha"
"757021","Mayurbhanj","Odisha"
"757022","Mayurbhanj","Odisha"
"757023","Mayurbhanj","Odisha"
"757024","Mayurbhanj","Odisha"
"757025","Mayurbhanj","Odisha"
"757026","Mayurbhanj","Odisha"
"757027","Mayurbhanj","Odisha"
"757028","Mayurbhanj","Odisha"
"757029","Mayurbhanj","Odisha"
"757030","Mayurbhanj","Odisha"
"757031","Mayurbhanj","Odisha"
"757032","Mayurbhanj","Odisha"
"757033","Mayurbhanj","Odisha"
"757034","Mayurbhanj","Odisha"
"757035","Mayurbhanj","Odisha"
"757036","Mayurbhanj","Odisha"
"757037","Mayurbhanj","Odisha"
"757038","Mayurbhanj","Odisha"
"757039","Mayurbhanj","Odisha"
"757040","Mayurbhanj","Odisha"
"757041","Mayurbhanj","Odisha"
"757042","Mayurbhanj","Odisha"
"757043","Mayurbhanj","Odisha"
"757045","Mayurbhanj","Odisha"
"757046","Mayurbhanj","Odisha"
"757047","Mayurbhanj","Odisha"
"757048","Mayurbhanj","Odisha"
"757049","Mayurbhanj","Odisha"
"757050","Mayurbhanj","Odisha"
"757051","Mayurbhanj","Odisha"
"757052","Mayurbhanj","Odisha"
"757053","Mayurbhanj","Odisha"
"757054","Mayurbhanj","Odisha"
"757055","Mayurbhanj","Odisha"
"757056","Mayurbhanj","Odisha"
"757073","Mayurbhanj","Odisha"
"757074","Mayurbhanj","Odisha"
"757075","Mayurbhanj","Odisha"
"757077","Mayurbhanj","Odisha"
"757079","Mayurbhanj","Odisha"
"757081","Mayurbhanj","Odisha"
"757082","Mayurbhanj","Odisha"
"757083","Mayurbhanj","Odisha"
"757084","Mayurbhanj","Odisha"
"757085","Mayurbhanj","Odisha"
"757086","Mayurbhanj","Odisha"
"757087","Mayurbhanj","Odisha"
"757091","Mayurbhanj","Odisha"
"757092","Mayurbhanj","Odisha"
"757093","Mayurbhanj","Odisha"
"757100","Mayurbhanj","Odisha"
"757101","Mayurbhanj","Odisha"
"757102","Mayurbhanj","Odisha"
"757103","Mayurbhanj","Odisha"
"757104","Mayurbhanj","Odisha"
"757105","Mayurbhanj","Odisha"
"757106","Mayurbhanj","Odisha"
"757107","Mayurbhanj","Odisha"
"758001","Kendujhar","Odisha"
"758002","Kendujhar","Odisha"
"758013","Kendujhar","Odisha"
"758014","Kendujhar","Odisha"
"758015","Kendujhar","Odisha"
"758016","Kendujhar","Odisha"
"758017","Kendujhar","Odisha"
"758018","Kendujhar","Odisha"
"758019","Kendujhar","Odisha"
"758020","Kendujhar","Odisha"
"758021","Kendujhar","Odisha"
"758022","Kendujhar","Odisha"
"758023","Kendujhar","Odisha"
"758025","Kendujhar","Odisha"
"758026","Kendujhar","Odisha"
"758027","Kendujhar","Odisha"
"758028","Kendujhar","Odisha"
"758029","Kendujhar","Odisha"
"758030","Kendujhar","Odisha"
"758031","Kendujhar","Odisha"
"758032","Kendujhar","Odisha"
"758034","Kendujhar","Odisha"
"758035","Kendujhar","Odisha"
"758036","Kendujhar","Odisha"
"758037","Kendujhar","Odisha"
"758038","Kendujhar","Odisha"
"758040","Kendujhar","Odisha"
"758041","Kendujhar","Odisha"
"758043","Kendujhar","Odisha"
"758044","Kendujhar","Odisha"
"758045","Kendujhar","Odisha"
"758046","Kendujhar","Odisha"
"758047","Kendujhar","Odisha"
"758076","Kendujhar","Odisha"
"758078","Kendujhar","Odisha"
"758079","Kendujhar","Odisha"
"758080","Kendujhar","Odisha"
"758081","Kendujhar","Odisha"
"758082","Kendujhar","Odisha"
"758083","Kendujhar","Odisha"
"758084","Kendujhar","Odisha"
"758085","Kendujhar","Odisha"
"758086","Kendujhar","Odisha"
"758087","Kendujhar","Odisha"
"759001","Dhenkanal","Odisha"
"759013","Dhenkanal","Odisha"
"759014","Dhenkanal","Odisha"
"759015","Dhenkanal","Odisha"
"759016","Dhenkanal","Odisha"
"759017","Dhenkanal","Odisha"
"759018","Dhenkanal","Odisha"
"759019","Dhenkanal","Odisha"
"759020","Dhenkanal","Odisha"
"759021","Dhenkanal","Odisha"
"759022","Dhenkanal","Odisha"
"759023","Dhenkanal","Odisha"
"759024","Dhenkanal","Odisha"
"759025","Dhenkanal","Odisha"
"759026","Dhenkanal","Odisha"
"759027","Dhenkanal","Odisha"
"759028","Dhenkanal","Odisha"
"759029","Dhenkanal","Odisha"
"759037","Anugul","Odisha"
"759039","Dhenkanal","Odisha"
"759040","Anugul","Odisha"
"759100","Anugul","Odisha"
"759101","Anugul","Odisha"
"759102","Anugul","Odisha"
"759103","Anugul","Odisha"
"759105","Anugul","Odisha"
"759106","Anugul","Odisha"
"759107","Anugul","Odisha"
"759111","Anugul","Odisha"
"759116","Anugul","Odisha"
"759117","Anugul","Odisha"
"759118","Anugul","Odisha"
"759119","Anugul","Odisha"
"759120","Dhenkanal","Odisha"
"759121","Dhenkanal","Odisha"
"759122","Dhenkanal","Odisha"
"759123","Anugul","Odisha"
"759124","Anugul","Odisha"
"759125","Anugul","Odisha"
"759126","Anugul","Odisha"
"759127","Anugul","Odisha"
"759128","Dhenkanal","Odisha"
"759129","Anugul","Odisha"
"759130","Anugul","Odisha"
"759132","Anugul","Odisha"
"759141","Anugul","Odisha"
"759143","Anugul","Odisha"
"759145","Anugul","Odisha"
"759146","Dhenkanal","Odisha"
"759147","Anugul","Odisha"
"759148","Anugul","Odisha"
"759149","Anugul","Odisha"
"759150","Dhenkanal","Odisha"
"759151","Anugul","Odisha"
"760001","Ganjam","Odisha"
"760002","Ganjam","Odisha"
"760003","Ganjam","Odisha"
"760004","Ganjam","Odisha"
"760005","Ganjam","Odisha"
"760006","Ganjam","Odisha"
"760007","Ganjam","Odisha"
"760008","Ganjam","Odisha"
"760009","Ganjam","Odisha"
"760010","Ganjam","Odisha"
"760011","Ganjam","Odisha"
"761001","Ganjam","Odisha"
"761002","Ganjam","Odisha"
"761003","Ganjam","Odisha"
"761004","Ganjam","Odisha"
"761005","Ganjam","Odisha"
"761006","Ganjam","Odisha"
"761007","Ganjam","Odisha"
"761008","Ganjam","Odisha"
"761009","Ganjam","Odisha"
"761010","Ganjam","Odisha"
"761011","Ganjam","Odisha"
"761012","Ganjam","Odisha"
"761013","Ganjam","Odisha"
"761014","Ganjam","Odisha"
"761015","Gajapati","Odisha"
"761016","Gajapati","Odisha"
"761017","Gajapati","Odisha"
"761018","Ganjam","Odisha"
"761019","Ganjam","Odisha"
"761020","Ganjam","Odisha"
"761025","Ganjam","Odisha"
"761026","Ganjam","Odisha"
"761027","Ganjam","Odisha"
"761028","Ganjam","Odisha"
"761029","Ganjam","Odisha"
"761030","Ganjam","Odisha"
"761031","Ganjam","Odisha"
"761032","Ganjam","Odisha"
"761035","Ganjam","Odisha"
"761037","Ganjam","Odisha"
"761041","Ganjam","Odisha"
"761042","Ganjam","Odisha"
"761043","Ganjam","Odisha"
"761045","Ganjam","Odisha"
"761052","Ganjam","Odisha"
"761054","Ganjam","Odisha"
"761055","Ganjam","Odisha"
"761100","Ganjam","Odisha"
"761101","Ganjam","Odisha"
"761102","Ganjam","Odisha"
"761103","Ganjam","Odisha"
"761104","Ganjam","Odisha"
"761105","Ganjam","Odisha"
"761106","Ganjam","Odisha"
"761107","Ganjam","Odisha"
"761108","Ganjam","Odisha"
"761109","Ganjam","Odisha"
"761110","Ganjam","Odisha"
"761111","Ganjam","Odisha"
"761114","Ganjam","Odisha"
"761115","Ganjam","Odisha"
"761116","Ganjam","Odisha"
"761117","Ganjam","Odisha"
"761118","Ganjam","Odisha"
"761119","Ganjam","Odisha"
"761120","Ganjam","Odisha"
"761121","Ganjam","Odisha"
"761122","Ganjam","Odisha"
"761123","Ganjam","Odisha"
"761124","Ganjam","Odisha"
"761125","Ganjam","Odisha"
"761126","Ganjam","Odisha"
"761131","Ganjam","Odisha"
"761132","Ganjam","Odisha"
"761133","Ganjam","Odisha"
"761140","Ganjam","Odisha"
"761141","Ganjam","Odisha"
"761143","Ganjam","Odisha"
"761144","Ganjam","Odisha"
"761146","Ganjam","Odisha"
"761151","Kandhamal","Odisha"
"761200","Gajapati","Odisha"
"761201","Gajapati","Odisha"
"761206","Gajapati","Odisha"
"761207","Gajapati","Odisha"
"761208","Gajapati","Odisha"
"761209","Ganjam","Odisha"
"761210","Gajapati","Odisha"
"761211","Gajapati","Odisha"
"761212","Gajapati","Odisha"
"761213","Gajapati","Odisha"
"761214","Gajapati","Odisha"
"761215","Gajapati","Odisha"
"761217","Gajapati","Odisha"
"762001","Kandhamal","Odisha"
"762002","Kandhamal","Odisha"
"762010","Kandhamal","Odisha"
"762011","Kandhamal","Odisha"
"762012","Boudh","Odisha"
"762013","Boudh","Odisha"
"762014","Boudh","Odisha"
"762015","Boudh","Odisha"
"762016","Boudh","Odisha"
"762017","Boudh","Odisha"
"762018","Boudh","Odisha"
"762019","Kandhamal","Odisha"
"762020","Boudh","Odisha"
"762021","Kandhamal","Odisha"
"762022","Kandhamal","Odisha"
"762023","Boudh","Odisha"
"762024","Boudh","Odisha"
"762026","Boudh","Odisha"
"762027","Kandhamal","Odisha"
"762028","Kandhamal","Odisha"
"762029","Kandhamal","Odisha"
"762030","Boudh","Odisha"
"762100","Kandhamal","Odisha"
"762101","Kandhamal","Odisha"
"762102","Kandhamal","Odisha"
"762103","Kandhamal","Odisha"
"762104","Kandhamal","Odisha"
"762105","Kandhamal","Odisha"
"762106","Kandhamal","Odisha"
"762107","Kandhamal","Odisha"
"762109","Kandhamal","Odisha"
"762110","Kandhamal","Odisha"
"762112","Kandhamal","Odisha"
"763001","Koraput","Odisha"
"763002","Koraput","Odisha"
"763003","Koraput","Odisha"
"763004","Koraput","Odisha"
"763008","Koraput","Odisha"
"764001","Koraput","Odisha"
"764002","Koraput","Odisha"
"764003","Koraput","Odisha"
"764004","Koraput","Odisha"
"764005","Koraput","Odisha"
"764006","Koraput","Odisha"
"764011","Koraput","Odisha"
"764014","Koraput","Odisha"
"764020","Koraput","Odisha"
"764021","Koraput","Odisha"
"764027","Koraput","Odisha"
"764028","Koraput","Odisha"
"764036","Koraput","Odisha"
"764037","Koraput","Odisha"
"764038","Koraput","Odisha"
"764039","Koraput","Odisha"
"764040","Koraput","Odisha"
"764041","Koraput","Odisha"
"764042","Koraput","Odisha"
"764043","Koraput","Odisha"
"764044","Malkangiri","Odisha"
"764045","Malkangiri","Odisha"
"764046","Malkangiri","Odisha"
"764047","Malkangiri","Odisha"
"764048","Malkangiri","Odisha"
"764049","Nabarangpur","Odisha"
"764051","Malkangiri","Odisha"
"764052","Malkangiri","Odisha"
"764055","Koraput","Odisha"
"764056","Koraput","Odisha"
"764057","Koraput","Odisha"
"764058","Koraput","Odisha"
"764059","Nabarangpur","Odisha"
"764061","Nabarangpur","Odisha"
"764062","Rayagada","Odisha"
"764063","Nabarangpur","Odisha"
"764070","Nabarangpur","Odisha"
"764071","Nabarangpur","Odisha"
"764072","Nabarangpur","Odisha"
"764073","Nabarangpur","Odisha"
"764074","Nabarangpur","Odisha"
"764075","Nabarangpur","Odisha"
"764076","Nabarangpur","Odisha"
"764077","Nabarangpur","Odisha"
"764078","Nabarangpur","Odisha"
"764081","Koraput","Odisha"
"764085","Nabarangpur","Odisha"
"764086","Malkangiri","Odisha"
"764087","Malkangiri","Odisha"
"764088","Nabarangpur","Odisha"
"765001","Rayagada","Odisha"
"765002","Rayagada","Odisha"
"765010","Rayagada","Odisha"
"765011","Rayagada","Odisha"
"765013","Koraput","Odisha"
"765015","Rayagada","Odisha"
"765016","Rayagada","Odisha"
"765017","Rayagada","Odisha"
"765018","Rayagada","Odisha"
"765019","Rayagada","Odisha"
"765020","Rayagada","Odisha"
"765021","Rayagada","Odisha"
"765022","Rayagada","Odisha"
"765023","Rayagada","Odisha"
"765024","Rayagada","Odisha"
"765025","Rayagada","Odisha"
"765026","Rayagada","Odisha"
"765029","Rayagada","Odisha"
"765033","Rayagada","Odisha"
"765034","Rayagada","Odisha"
"766001","Kalahandi","Odisha"
"766002","Kalahandi","Odisha"
"766003","Kalahandi","Odisha"
"766011","Kalahandi","Odisha"
"766012","Kalahandi","Odisha"
"766013","Kalahandi","Odisha"
"766014","Kalahandi","Odisha"
"766015","Kalahandi","Odisha"
"766016","Kalahandi","Odisha"
"766017","Kalahandi","Odisha"
"766018","Kalahandi","Odisha"
"766019","Kalahandi","Odisha"
"766020","Kalahandi","Odisha"
"766023","Kalahandi","Odisha"
"766026","Kalahandi","Odisha"
"766027","Kalahandi","Odisha"
"766028","Kalahandi","Odisha"
"766029","Kalahandi","Odisha"
"766031","Kalahandi","Odisha"
"766032","Kalahandi","Odisha"
"766036","Kalahandi","Odisha"
"766037","Kalahandi","Odisha"
"766100","Kalahandi","Odisha"
"766101","Kalahandi","Odisha"
"766102","Kalahandi","Odisha"
"766103","Kalahandi","Odisha"
"766104","Nuapada","Odisha"
"766105","Nuapada","Odisha"
"766106","Nuapada","Odisha"
"766107","Nuapada","Odisha"
"766108","Nuapada","Odisha"
"766110","Kalahandi","Odisha"
"766111","Nuapada","Odisha"
"766118","Nuapada","Odisha"
"767001","Balangir","Odisha"
"767002","Balangir","Odisha"
"767016","Sonepur","Odisha"
"767017","Sonepur","Odisha"
"767018","Sonepur","Odisha"
"767019","Sonepur","Odisha"
"767020","Balangir","Odisha"
"767021","Balangir","Odisha"
"767022","Balangir","Odisha"
"767023","Sonepur","Odisha"
"767024","Balangir","Odisha"
"767025","Balangir","Odisha"
"767026","Balangir","Odisha"
"767027","Balangir","Odisha"
"767028","Balangir","Odisha"
"767029","Balangir","Odisha"
"767030","Balangir","Odisha"
"767032","Balangir","Odisha"
"767033","Balangir","Odisha"
"767035","Balangir","Odisha"
"767037","Balangir","Odisha"
"767038","Balangir","Odisha"
"767039","Balangir","Odisha"
"767040","Balangir","Odisha"
"767041","Balangir","Odisha"
"767042","Balangir","Odisha"
"767045","Sonepur","Odisha"
"767046","Balangir","Odisha"
"767048","Balangir","Odisha"
"767060","Balangir","Odisha"
"767061","Balangir","Odisha"
"767062","Sonepur","Odisha"
"767065","Balangir","Odisha"
"767066","Balangir","Odisha"
"767067","Balangir","Odisha"
"767068","Sonepur","Odisha"
"767070","Balangir","Odisha"
"767071","Balangir","Odisha"
"768001","Sambalpur","Odisha"
"768002","Sambalpur","Odisha"
"768003","Sambalpur","Odisha"
"768004","Sambalpur","Odisha"
"768005","Sambalpur","Odisha"
"768006","Sambalpur","Odisha"
"768007","Sambalpur","Odisha"
"768016","Sambalpur","Odisha"
"768017","Sambalpur","Odisha"
"768018","Sambalpur","Odisha"
"768019","Sambalpur","Odisha"
"768020","Sambalpur","Odisha"
"768024","Sambalpur","Odisha"
"768025","Sambalpur","Odisha"
"768027","Bargarh","Odisha"
"768028","Bargarh","Odisha"
"768029","Bargarh","Odisha"
"768030","Bargarh","Odisha"
"768031","Bargarh","Odisha"
"768032","Bargarh","Odisha"
"768033","Bargarh","Odisha"
"768034","Bargarh","Odisha"
"768035","Bargarh","Odisha"
"768036","Bargarh","Odisha"
"768037","Bargarh","Odisha"
"768038","Bargarh","Odisha"
"768039","Bargarh","Odisha"
"768040","Bargarh","Odisha"
"768042","Bargarh","Odisha"
"768045","Bargarh","Odisha"
"768048","Bargarh","Odisha"
"768049","Bargarh","Odisha"
"768050","Bargarh","Odisha"
"768052","Bargarh","Odisha"
"768053","Bargarh","Odisha"
"768102","Bargarh","Odisha"
"768103","Bargarh","Odisha"
"768104","Bargarh","Odisha"
"768105","Sambalpur","Odisha"
"768106","Sambalpur","Odisha"
"768107","Sambalpur","Odisha"
"768108","Deogarh","Odisha"
"768109","Deogarh","Odisha"
"768110","Deogarh","Odisha"
"768111","Bargarh","Odisha"
"768112","Sambalpur","Odisha"
"768113","Sambalpur","Odisha"
"768115","Bargarh","Odisha"
"768118","Sambalpur","Odisha"
"768119","Deogarh","Odisha"
"768121","Deogarh","Odisha"
"768200","Sambalpur","Odisha"
"768201","Jharsuguda","Odisha"
"768202","Jharsuguda","Odisha"
"768203","Jharsuguda","Odisha"
"768204","Jharsuguda","Odisha"
"768210","Sambalpur","Odisha"
"768211","Jharsuguda","Odisha"
"768212","Sambalpur","Odisha"
"768213","Jharsuguda","Odisha"
"768214","Sambalpur","Odisha"
"768215","Jharsuguda","Odisha"
"768216","Jharsuguda","Odisha"
"768217","Jharsuguda","Odisha"
"768218","Jharsuguda","Odisha"
"768219","Jharsuguda","Odisha"
"768220","Jharsuguda","Odisha"
"768221","Jharsuguda","Odisha"
"768222","Sambalpur","Odisha"
"768224","Sambalpur","Odisha"
"768225","Jharsuguda","Odisha"
"768226","Jharsuguda","Odisha"
"768227","Sambalpur","Odisha"
"768228","Sambalpur","Odisha"
"768233","Jharsuguda","Odisha"
"768234","Jharsuguda","Odisha"
"769001","Sundargarh","Odisha"
"769002","Sundargarh","Odisha"
"769003","Sundargarh","Odisha"
"769004","Sundargarh","Odisha"
"769005","Sundargarh","Odisha"
"769006","Sundargarh","Odisha"
"769007","Sundargarh","Odisha"
"769008","Sundargarh","Odisha"
"769009","Sundargarh","Odisha"
"769010","Sundargarh","Odisha"
"769011","Sundargarh","Odisha"
"769012","Sundargarh","Odisha"
"769013","Sundargarh","Odisha"
"769014","Sundargarh","Odisha"
"769015","Sundargarh","Odisha"
"769016","Sundargarh","Odisha"
"769017","Sundargarh","Odisha"
"769042","Sundargarh","Odisha"
"769043","Sundargarh","Odisha"
"770001","Sundargarh","Odisha"
"770002","Sundargarh","Odisha"
"770011","Sundargarh","Odisha"
"770012","Sundargarh","Odisha"
"770013","Sundargarh","Odisha"
"770014","Sundargarh","Odisha"
"770015","Sundargarh","Odisha"
"770016","Sundargarh","Odisha"
"770017","Sundargarh","Odisha"
"770018","Sundargarh","Odisha"
"770019","Sundargarh","Odisha"
"770020","Sundargarh","Odisha"
"770021","Sundargarh","Odisha"
"770022","Sundargarh","Odisha"
"770023","Sundargarh","Odisha"
"770024","Sundargarh","Odisha"
"770025","Sundargarh","Odisha"
"770031","Sundargarh","Odisha"
"770032","Sundargarh","Odisha"
"770033","Sundargarh","Odisha"
"770034","Sundargarh","Odisha"
"770035","Sundargarh","Odisha"
"770036","Sundargarh","Odisha"
"770037","Sundargarh","Odisha"
"770038","Sundargarh","Odisha"
"770039","Sundargarh","Odisha"
"770040","Sundargarh","Odisha"
"770041","Sundargarh","Odisha"
"770042","Sundargarh","Odisha"
"770043","Sundargarh","Odisha"
"770044","Sundargarh","Odisha"
"770046","Sundargarh","Odisha"
"770048","Sundargarh","Odisha"
"770051","Sundargarh","Odisha"
"770052","Sundargarh","Odisha"
"770070","Sundargarh","Odisha"
"770072","Sundargarh","Odisha"
"770073","Sundargarh","Odisha"
"770074","Sundargarh","Odisha"
"770075","Sundargarh","Odisha"
"770076","Sundargarh","Odisha"
"781001","Kamrup Metro","Assam"
"781002","Kamrup Metro","Assam"
"781003","Kamrup Metro","Assam"
"781004","Kamrup Metro","Assam"
"781005","Kamrup Metro","Assam"
"781006","Kamrup Metro","Assam"
"781007","Kamrup Metro","Assam"
"781008","Kamrup Metro","Assam"
"781009","Kamrup Metro","Assam"
"781010","Kamrup Metro","Assam"
"781011","Kamrup Metro","Assam"
"781012","Kamrup Metro","Assam"
"781013","Kamrup Metro","Assam"
"781014","Kamrup Metro","Assam"
"781015","Kamrup Metro","Assam"
"781016","Kamrup Metro","Assam"
"781017","Kamrup Metro","Assam"
"781018","Kamrup Metro","Assam"
"781019","Kamrup Metro","Assam"
"781020","Kamrup Metro","Assam"
"781021","Kamrup Metro","Assam"
"781022","Kamrup Metro","Assam"
"781023","Kamrup Metro","Assam"
"781024","Kamrup Metro","Assam"
"781025","Kamrup Metro","Assam"
"781026","Kamrup Metro","Assam"
"781027","Kamrup Metro","Assam"
"781028","Kamrup Metro","Assam"
"781029","Ri Bhoi","Meghalaya"
"781030","Kamrup","Assam"
"781031","Kamrup","Assam"
"781032","Kamrup Metro","Assam"
"781033","Kamrup Metro","Assam"
"781034","Kamrup Metro","Assam"
"781035","Kamrup Metro","Assam"
"781036","Kamrup Metro","Assam"
"781037","Kamrup Metro","Assam"
"781038","Kamrup Metro","Assam"
"781039","Kamrup","Assam"
"781040","Kamrup Metro","Assam"
"781041","Na","Not Applicable"
"781101","Kamrup","Assam"
"781102","Kamrup","Assam"
"781103","Kamrup","Assam"
"781104","Kamrup","Assam"
"781120","Kamrup","Assam"
"781121","Kamrup","Assam"
"781122","Kamrup","Assam"
"781123","Kamrup","Assam"
"781124","Kamrup","Assam"
"781125","Kamrup","Assam"
"781126","Nalbari","Assam"
"781127","Kamrup","Assam"
"781128","Kamrup Metro","Assam"
"781129","Kamrup","Assam"
"781131","Ri Bhoi","Meghalaya"
"781132","Kamrup","Assam"
"781133","Kamrup","Assam"
"781134","Kamrup","Assam"
"781135","Kamrup","Assam"
"781136","Kamrup","Assam"
"781137","Kamrup","Assam"
"781138","Nalbari","Assam"
"781141","Kamrup","Assam"
"781150","Kamrup Metro","Assam"
"781171","Kamrup Metro","Assam"
"781301","Barpeta","Assam"
"781302","Barpeta","Assam"
"781303","Nalbari","Assam"
"781304","Nalbari","Assam"
"781305","Barpeta","Assam"
"781306","Nalbari","Assam"
"781307","Barpeta","Assam"
"781308","Barpeta","Assam"
"781309","Barpeta","Assam"
"781310","Nalbari","Assam"
"781311","Barpeta","Assam"
"781312","Nalbari","Assam"
"781313","Barpeta","Assam"
"781314","Barpeta","Assam"
"781315","Barpeta","Assam"
"781316","Barpeta","Assam"
"781317","Barpeta","Assam"
"781318","Barpeta","Assam"
"781319","Barpeta","Assam"
"781320","Barpeta","Assam"
"781321","Barpeta","Assam"
"781325","Bajali","Assam"
"781326","Bajali","Assam"
"781327","Baksa","Assam"
"781328","Bajali","Assam"
"781329","Barpeta","Assam"
"781330","Baksa","Assam"
"781333","Baksa","Assam"
"781334","Nalbari","Assam"
"781335","Nalbari","Assam"
"781337","Nalbari","Assam"
"781338","Nalbari","Assam"
"781339","Nalbari","Assam"
"781340","Nalbari","Assam"
"781341","Nalbari","Assam"
"781343","Baksa","Assam"
"781344","Baksa","Assam"
"781346","Baksa","Assam"
"781347","Nalbari","Assam"
"781348","Nalbari","Assam"
"781349","Nalbari","Assam"
"781350","Nalbari","Assam"
"781351","Nalbari","Assam"
"781352","Barpeta","Assam"
"781353","Nalbari","Assam"
"781354","Kamrup","Assam"
"781355","Baksa","Assam"
"781360","Baksa","Assam"
"781364","Baksa","Assam"
"781365","Kamrup","Assam"
"781366","Baksa","Assam"
"781367","Baksa","Assam"
"781368","Baksa","Assam"
"781369","Nalbari","Assam"
"781370","Nalbari","Assam"
"781371","Nalbari","Assam"
"781372","Baksa","Assam"
"781373","Baksa","Assam"
"781374","Nalbari","Assam"
"781375","Bajali","Assam"
"781376","Baksa","Assam"
"781377","Baksa","Assam"
"781378","Nalbari","Assam"
"781380","Kamrup","Assam"
"781381","Kamrup","Assam"
"781382","Kamrup","Assam"
"782001","Nagaon","Assam"
"782002","Nagaon","Assam"
"782003","Nagaon","Assam"
"782101","Nagaon","Assam"
"782102","Nagaon","Assam"
"782103","Nagaon","Assam"
"782104","Marigaon","Assam"
"782105","Marigaon","Assam"
"782106","Nagaon","Assam"
"782120","Nagaon","Assam"
"782121","Marigaon","Assam"
"782122","Nagaon","Assam"
"782123","Nagaon","Assam"
"782124","Nagaon","Assam"
"782125","Nagaon","Assam"
"782126","Marigaon","Assam"
"782127","Marigaon","Assam"
"782128","Nagaon","Assam"
"782135","Nagaon","Assam"
"782136","Nagaon","Assam"
"782137","Nagaon","Assam"
"782138","Nagaon","Assam"
"782139","Nagaon","Assam"
"782140","Nagaon","Assam"
"782141","Nagaon","Assam"
"782142","Nagaon","Assam"
"782143","Nagaon","Assam"
"782144","Nagaon","Assam"
"782401","Kamrup Metro","Assam"
"782402","Kamrup Metro","Assam"
"782403","Kamrup Metro","Assam"
"782410","Marigaon","Assam"
"782411","Marigaon","Assam"
"782412","Marigaon","Assam"
"782413","West Karbi Anglong","Assam"
"782425","Nagaon","Assam"
"782426","Nagaon","Assam"
"782427","Nagaon","Assam"
"782428","Hojai","Assam"
"782429","Hojai","Assam"
"782435","Hojai","Assam"
"782436","Karbi Anglong","Assam"
"782439","Hojai","Assam"
"782440","Hojai","Assam"
"782441","Karbi Anglong","Assam"
"782442","Hojai","Assam"
"782445","Hojai","Assam"
"782446","Hojai","Assam"
"782447","Karbi Anglong","Assam"
"782448","West Karbi Anglong","Assam"
"782450","Nagaon","Assam"
"782460","Karbi Anglong","Assam"
"782461","Karbi Anglong","Assam"
"782462","Karbi Anglong","Assam"
"782470","Karbi Anglong","Assam"
"782480","Karbi Anglong","Assam"
"782481","Karbi Anglong","Assam"
"782482","Karbi Anglong","Assam"
"782485","West Karbi Anglong","Assam"
"782486","West Karbi Anglong","Assam"
"782490","Karbi Anglong","Assam"
"783101","Goalpara","Assam"
"783120","Goalpara","Assam"
"783122","Goalpara","Assam"
"783123","Goalpara","Assam"
"783124","Goalpara","Assam"
"783125","Goalpara","Assam"
"783126","Goalpara","Assam"
"783127","South Salmara Mancachar","Assam"
"783128","South Salmara Mancachar","Assam"
"783129","Goalpara","Assam"
"783130","Goalpara","Assam"
"783131","South Salmara Mancachar","Assam"
"783132","Goalpara","Assam"
"783133","Goalpara","Assam"
"783134","Goalpara","Assam"
"783135","South Salmara Mancachar","Assam"
"783136","South Salmara Mancachar","Assam"
"783301","Dhubri","Assam"
"783323","Dhubri","Assam"
"783324","Dhubri","Assam"
"783325","Dhubri","Assam"
"783330","Dhubri","Assam"
"783331","Dhubri","Assam"
"783332","Kokrajhar","Assam"
"783333","Kokrajhar","Assam"
"783334","Dhubri","Assam"
"783335","Dhubri","Assam"
"783336","Kokrajhar","Assam"
"783337","Dhubri","Assam"
"783339","Dhubri","Assam"
"783345","Kokrajhar","Assam"
"783346","Kokrajhar","Assam"
"783347","Kokrajhar","Assam"
"783348","Dhubri","Assam"
"783349","Dhubri","Assam"
"783350","Kokrajhar","Assam"
"783354","Kokrajhar","Assam"
"783360","Kokrajhar","Assam"
"783361","Kokrajhar","Assam"
"783369","Kokrajhar","Assam"
"783370","Kokrajhar","Assam"
"783371","Dhubri","Assam"
"783372","Chirang","Assam"
"783373","Kokrajhar","Assam"
"783375","Chirang","Assam"
"783376","Kokrajhar","Assam"
"783380","Bongaigaon","Assam"
"783381","Bongaigaon","Assam"
"783382","Bongaigaon","Assam"
"783383","Bongaigaon","Assam"
"783384","Bongaigaon","Assam"
"783385","Chirang","Assam"
"783386","Chirang","Assam"
"783388","Bongaigaon","Assam"
"783389","Bongaigaon","Assam"
"783390","Chirang","Assam"
"783391","Chirang","Assam"
"783392","Bongaigaon","Assam"
"783393","Chirang","Assam"
"783394","Chirang","Assam"
"784001","Sonitpur","Assam"
"784010","Sonitpur","Assam"
"784025","Sonitpur","Assam"
"784026","Sonitpur","Assam"
"784027","Sonitpur","Assam"
"784028","Sonitpur","Assam"
"784101","Sonitpur","Assam"
"784102","Sonitpur","Assam"
"784103","Sonitpur","Assam"
"784104","Sonitpur","Assam"
"784105","Sonitpur","Assam"
"784110","Sonitpur","Assam"
"784111","Sonitpur","Assam"
"784112","Sonitpur","Assam"
"784113","Udalguri","Assam"
"784114","Udalguri","Assam"
"784115","Darrang","Assam"
"784116","Darrang","Assam"
"784117","Sonitpur","Assam"
"784125","Darrang","Assam"
"784144","Darrang","Assam"
"784145","Darrang","Assam"
"784146","Darrang","Assam"
"784147","Darrang","Assam"
"784148","Darrang","Assam"
"784149","Sonitpur","Assam"
"784150","Sonitpur","Assam"
"784153","Sonitpur","Assam"
"784154","Sonitpur","Assam"
"784160","Lakhimpur","Assam"
"784161","Lakhimpur","Assam"
"784163","Lakhimpur","Assam"
"784164","Lakhimpur","Assam"
"784165","Lakhimpur","Assam"
"784166","Biswanath","Assam"
"784167","Biswanath","Assam"
"784168","Biswanath","Assam"
"784169","Biswanath","Assam"
"784170","Biswanath","Assam"
"784171","Biswanath","Assam"
"784172","Biswanath","Assam"
"784173","Biswanath","Assam"
"784174","Biswanath","Assam"
"784175","Biswanath","Assam"
"784176","Biswanath","Assam"
"784177","Biswanath","Assam"
"784178","Biswanath","Assam"
"784179","Biswanath","Assam"
"784180","Sonitpur","Assam"
"784182","Sonitpur","Assam"
"784184","Biswanath","Assam"
"784189","Biswanath","Assam"
"784190","Udalguri","Assam"
"784501","Sonitpur","Assam"
"784502","Sonitpur","Assam"
"784504","Sonitpur","Assam"
"784505","Sonitpur","Assam"
"784506","Sonitpur","Assam"
"784507","Udalguri","Assam"
"784508","Udalguri","Assam"
"784509","Udalguri","Assam"
"784510","Udalguri","Assam"
"784513","Udalguri","Assam"
"784514","Udalguri","Assam"
"784521","Udalguri","Assam"
"784522","Udalguri","Assam"
"784523","Udalguri","Assam"
"784524","Udalguri","Assam"
"784525","Udalguri","Assam"
"784526","Udalguri","Assam"
"784527","Udalguri","Assam"
"784528","Udalguri","Assam"
"784529","Darrang","Assam"
"785001","Jorhat","Assam"
"785004","Jorhat","Assam"
"785006","Jorhat","Assam"
"785007","Jorhat","Assam"
"785008","Jorhat","Assam"
"785009","Jorhat","Assam"
"785010","Jorhat","Assam"
"785013","Jorhat","Assam"
"785014","Jorhat","Assam"
"785015","Jorhat","Assam"
"785101","Jorhat","Assam"
"785102","Majuli","Assam"
"785104","Majuli","Assam"
"785105","Majuli","Assam"
"785106","Majuli","Assam"
"785107","Jorhat","Assam"
"785108","Jorhat","Assam"
"785110","Majuli","Assam"
"785111","Jorhat","Assam"
"785112","Jorhat","Assam"
"785601","Golaghat","Assam"
"785602","Golaghat","Assam"
"785603","Golaghat","Assam"
"785609","Golaghat","Assam"
"785610","Golaghat","Assam"
"785611","Golaghat","Assam"
"785612","Golaghat","Assam"
"785613","Golaghat","Assam"
"785614","Golaghat","Assam"
"785615","Golaghat","Assam"
"785616","Jorhat","Assam"
"785618","Golaghat","Assam"
"785619","Golaghat","Assam"
"785621","Golaghat","Assam"
"785622","Golaghat","Assam"
"785625","Golaghat","Assam"
"785626","Golaghat","Assam"
"785630","Jorhat","Assam"
"785631","Jorhat","Assam"
"785632","Jorhat","Assam"
"785633","Jorhat","Assam"
"785634","Jorhat","Assam"
"785635","Jorhat","Assam"
"785636","Jorhat","Assam"
"785640","Sivasagar","Assam"
"785661","Sivasagar","Assam"
"785662","Sivasagar","Assam"
"785663","Sivasagar","Assam"
"785664","Sivasagar","Assam"
"785665","Sivasagar","Assam"
"785666","Sivasagar","Assam"
"785667","Sivasagar","Assam"
"785669","Sivasagar","Assam"
"785670","Charaideo","Assam"
"785671","Sivasagar","Assam"
"785672","Sivasagar","Assam"
"785673","Charaideo","Assam"
"785674","Sivasagar","Assam"
"785675","Dibrugarh","Assam"
"785676","Dibrugarh","Assam"
"785680","Sivasagar","Assam"
"785681","Sivasagar","Assam"
"785682","Sivasagar","Assam"
"785683","Jorhat","Assam"
"785684","Sivasagar","Assam"
"785685","Sivasagar","Assam"
"785686","Sivasagar","Assam"
"785687","Sivasagar","Assam"
"785688","Charaideo","Assam"
"785689","Charaideo","Assam"
"785690","Charaideo","Assam"
"785691","Charaideo","Assam"
"785692","Charaideo","Assam"
"785693","Charaideo","Assam"
"785696","Sivasagar","Assam"
"785697","Sivasagar","Assam"
"785698","Charaideo","Assam"
"785699","Golaghat","Assam"
"785700","Jorhat","Assam"
"785701","Sivasagar","Assam"
"785702","Golaghat","Assam"
"785703","Golaghat","Assam"
"785704","Jorhat","Assam"
"785705","Golaghat","Assam"
"786001","Dibrugarh","Assam"
"786002","Dibrugarh","Assam"
"786003","Dibrugarh","Assam"
"786004","Dibrugarh","Assam"
"786006","Dibrugarh","Assam"
"786007","Dibrugarh","Assam"
"786008","Dibrugarh","Assam"
"786010","Dibrugarh","Assam"
"786012","Dibrugarh","Assam"
"786101","Dibrugarh","Assam"
"786102","Dibrugarh","Assam"
"786103","Dibrugarh","Assam"
"786125","Tinsukia","Assam"
"786126","Tinsukia","Assam"
"786145","Tinsukia","Assam"
"786146","Tinsukia","Assam"
"786147","Tinsukia","Assam"
"786148","Tinsukia","Assam"
"786150","Tinsukia","Assam"
"786151","Tinsukia","Assam"
"786152","Tinsukia","Assam"
"786153","Tinsukia","Assam"
"786154","Tinsukia","Assam"
"786155","Tinsukia","Assam"
"786156","Tinsukia","Assam"
"786157","Tinsukia","Assam"
"786158","Tinsukia","Assam"
"786159","Tinsukia","Assam"
"786160","Tinsukia","Assam"
"786170","Tinsukia","Assam"
"786171","Tinsukia","Assam"
"786173","Tinsukia","Assam"
"786174","Tinsukia","Assam"
"786179","Tinsukia","Assam"
"786181","Tinsukia","Assam"
"786182","Tinsukia","Assam"
"786183","Tinsukia","Assam"
"786184","Dibrugarh","Assam"
"786187","Tinsukia","Assam"
"786188","Tinsukia","Assam"
"786189","Tinsukia","Assam"
"786190","Tinsukia","Assam"
"786191","Dibrugarh","Assam"
"786192","Tinsukia","Assam"
"786601","Tinsukia","Assam"
"786602","Dibrugarh","Assam"
"786610","Dibrugarh","Assam"
"786611","Dibrugarh","Assam"
"786612","Dibrugarh","Assam"
"786613","Dibrugarh","Assam"
"786614","Dibrugarh","Assam"
"786621","Dibrugarh","Assam"
"786622","Dibrugarh","Assam"
"786623","Dibrugarh","Assam"
"786692","Dibrugarh","Assam"
"787001","Lakhimpur","Assam"
"787023","Lakhimpur","Assam"
"787026","Dhemaji","Assam"
"787031","Lakhimpur","Assam"
"787032","Lakhimpur","Assam"
"787033","Lakhimpur","Assam"
"787034","Dhemaji","Assam"
"787035","Dhemaji","Assam"
"787051","Lakhimpur","Assam"
"787052","Lakhimpur","Assam"
"787053","Lakhimpur","Assam"
"787054","Lakhimpur","Assam"
"787055","Lakhimpur","Assam"
"787056","Lakhimpur","Assam"
"787057","Dhemaji","Assam"
"787058","Dhemaji","Assam"
"787059","Dhemaji","Assam"
"787060","Dhemaji","Assam"
"787061","Dhemaji","Assam"
"787110","Dhemaji","Assam"
"788001","Cachar","Assam"
"788002","Cachar","Assam"
"788003","Cachar","Assam"
"788004","Cachar","Assam"
"788005","Cachar","Assam"
"788006","Cachar","Assam"
"788007","Cachar","Assam"
"788009","Cachar","Assam"
"788010","Cachar","Assam"
"788011","Cachar","Assam"
"788013","Cachar","Assam"
"788014","Cachar","Assam"
"788015","Cachar","Assam"
"788025","Cachar","Assam"
"788026","Cachar","Assam"
"788030","Cachar","Assam"
"788031","Cachar","Assam"
"788098","Cachar","Assam"
"788099","Cachar","Assam"
"788101","Cachar","Assam"
"788102","Cachar","Assam"
"788103","Cachar","Assam"
"788104","Cachar","Assam"
"788106","Cachar","Assam"
"788107","Cachar","Assam"
"788108","Cachar","Assam"
"788109","Cachar","Assam"
"788110","Cachar","Assam"
"788111","Cachar","Assam"
"788112","Cachar","Assam"
"788113","Cachar","Assam"
"788114","Cachar","Assam"
"788115","Cachar","Assam"
"788116","Cachar","Assam"
"788117","Cachar","Assam"
"788118","Cachar","Assam"
"788119","Cachar","Assam"
"788120","Cachar","Assam"
"788121","Cachar","Assam"
"788123","Cachar","Assam"
"788126","Cachar","Assam"
"788127","Cachar","Assam"
"788150","Hailakandi","Assam"
"788151","Hailakandi","Assam"
"788152","Karimganj","Assam"
"788155","Hailakandi","Assam"
"788156","Karimganj","Assam"
"788160","Hailakandi","Assam"
"788161","Hailakandi","Assam"
"788162","Hailakandi","Assam"
"788163","Hailakandi","Assam"
"788164","Hailakandi","Assam"
"788165","Hailakandi","Assam"
"788166","Karimganj","Assam"
"788168","Hailakandi","Assam"
"788701","Karimganj","Assam"
"788709","Karimganj","Assam"
"788710","Karimganj","Assam"
"788711","Karimganj","Assam"
"788712","Karimganj","Assam"
"788713","Karimganj","Assam"
"788719","Karimganj","Assam"
"788720","Karimganj","Assam"
"788722","Karimganj","Assam"
"788723","Karimganj","Assam"
"788724","Karimganj","Assam"
"788725","Karimganj","Assam"
"788726","Karimganj","Assam"
"788727","Karimganj","Assam"
"788728","Karimganj","Assam"
"788733","Karimganj","Assam"
"788734","Karimganj","Assam"
"788735","Karimganj","Assam"
"788736","Karimganj","Assam"
"788737","Karimganj","Assam"
"788738","Hailakandi","Assam"
"788781","Karimganj","Assam"
"788801","Hailakandi","Assam"
"788802","Hailakandi","Assam"
"788803","Karimganj","Assam"
"788804","Cachar","Assam"
"788805","Cachar","Assam"
"788806","Karimganj","Assam"
"788815","Cachar","Assam"
"788816","Cachar","Assam"
"788817","Cachar","Assam"
"788818","Dima Hasao","Assam"
"788819","Dima Hasao","Assam"
"788820","Dima Hasao","Assam"
"788830","Dima Hasao","Assam"
"788831","Dima Hasao","Assam"
"788832","Dima Hasao","Assam"
"788931","Dima Hasao","Assam"
"790001","West Kameng","Arunachal Pradesh"
"790002","West Kameng","Arunachal Pradesh"
"790003","West Kameng","Arunachal Pradesh"
"790101","West Kameng","Arunachal Pradesh"
"790102","Pakke Kessang","Arunachal Pradesh"
"790103","Pakke Kessang","Arunachal Pradesh"
"790104","Tawang","Arunachal Pradesh"
"790105","Tawang","Arunachal Pradesh"
"790106","Tawang","Arunachal Pradesh"
"790114","West Kameng","Arunachal Pradesh"
"790116","West Kameng","Arunachal Pradesh"
"791001","Lower Siang","Arunachal Pradesh"
"791002","Upper Siang","Arunachal Pradesh"
"791003","Shi Yomi","Arunachal Pradesh"
"791004","East Siang","Arunachal Pradesh"
"791101","Leparada","Arunachal Pradesh"
"791102","Siang","Arunachal Pradesh"
"791103","East Siang","Arunachal Pradesh"
"791104","East Siang","Arunachal Pradesh"
"791105","Upper Siang","Arunachal Pradesh"
"791109","Papum Pare","Arunachal Pradesh"
"791110","Papum Pare","Arunachal Pradesh"
"791111","Papum Pare","Arunachal Pradesh"
"791112","Papum Pare","Arunachal Pradesh"
"791113","Papum Pare","Arunachal Pradesh"
"791114","Papum Pare","Arunachal Pradesh"
"791118","Kurung Kumey","Arunachal Pradesh"
"791119","Lower Subansiri","Arunachal Pradesh"
"791120","Lower Subansiri","Arunachal Pradesh"
"791121","Papum Pare","Arunachal Pradesh"
"791122","Upper Subansiri","Arunachal Pradesh"
"791123","Papum Pare","Arunachal Pradesh"
"791125","Lower Siang","Arunachal Pradesh"
"791701","Aizawl","Mizoram"
"792001","Lohit","Arunachal Pradesh"
"792055","Changlang","Arunachal Pradesh"
"792056","Changlang","Arunachal Pradesh"
"792101","Dibang Valley","Arunachal Pradesh"
"792102","Namsai","Arunachal Pradesh"
"792103","Namsai","Arunachal Pradesh"
"792104","Anjaw","Arunachal Pradesh"
"792105","Namsai","Arunachal Pradesh"
"792110","Lower Dibang Valley","Arunachal Pradesh"
"792111","Lohit","Arunachal Pradesh"
"792120","Changlang","Arunachal Pradesh"
"792121","Changlang","Arunachal Pradesh"
"792122","Changlang","Arunachal Pradesh"
"792123","Changlang","Arunachal Pradesh"
"792124","Papum Pare","Arunachal Pradesh"
"792129","Tirap","Arunachal Pradesh"
"792130","Tirap","Arunachal Pradesh"
"792131","Longding","Arunachal Pradesh"
"793001","East Khasi Hills","Meghalaya"
"793002","East Khasi Hills","Meghalaya"
"793003","East Khasi Hills","Meghalaya"
"793004","East Khasi Hills","Meghalaya"
"793005","East Khasi Hills","Meghalaya"
"793006","East Khasi Hills","Meghalaya"
"793007","East Khasi Hills","Meghalaya"
"793008","East Khasi Hills","Meghalaya"
"793009","East Khasi Hills","Meghalaya"
"793010","East Khasi Hills","Meghalaya"
"793011","East Khasi Hills","Meghalaya"
"793012","East Khasi Hills","Meghalaya"
"793014","East Khasi Hills","Meghalaya"
"793015","East Khasi Hills","Meghalaya"
"793016","East Khasi Hills","Meghalaya"
"793017","East Khasi Hills","Meghalaya"
"793018","East Khasi Hills","Meghalaya"
"793019","East Khasi Hills","Meghalaya"
"793021","East Khasi Hills","Meghalaya"
"793022","East Khasi Hills","Meghalaya"
"793101","Ri Bhoi","Meghalaya"
"793102","Ri Bhoi","Meghalaya"
"793103","Ri Bhoi","Meghalaya"
"793104","Ri Bhoi","Meghalaya"
"793105","Ri Bhoi","Meghalaya"
"793106","East Khasi Hills","Meghalaya"
"793107","East Khasi Hills","Meghalaya"
"793108","East Khasi Hills","Meghalaya"
"793109","West Jaintia Hills","Meghalaya"
"793110","East Khasi Hills","Meghalaya"
"793111","East Khasi Hills","Meghalaya"
"793112","East Khasi Hills","Meghalaya"
"793113","East Khasi Hills","Meghalaya"
"793114","South West Khasi Hills","Meghalaya"
"793115","East Khasi Hills","Meghalaya"
"793116","Ri Bhoi","Meghalaya"
"793119","West Khasi Hills","Meghalaya"
"793120","West Khasi Hills","Meghalaya"
"793121","East Khasi Hills","Meghalaya"
"793122","Ri Bhoi","Meghalaya"
"793123","Ri Bhoi","Meghalaya"
"793126","West Khasi Hills","Meghalaya"
"793150","West Jaintia Hills","Meghalaya"
"793151","West Jaintia Hills","Meghalaya"
"793160","East Jaintia Hills","Meghalaya"
"793161","West Jaintia Hills","Meghalaya"
"793200","East Jaintia Hills","Meghalaya"
"793210","East Jaintia Hills","Meghalaya"
"794001","West Garo Hills","Meghalaya"
"794002","West Garo Hills","Meghalaya"
"794003","West Garo Hills","Meghalaya"
"794004","West Garo Hills","Meghalaya"
"794005","West Garo Hills","Meghalaya"
"794101","West Garo Hills","Meghalaya"
"794102","South Garo Hills","Meghalaya"
"794103","West Garo Hills","Meghalaya"
"794104","West Garo Hills","Meghalaya"
"794105","West Garo Hills","Meghalaya"
"794106","South West Garo Hills","Meghalaya"
"794107","South Garo Hills","Meghalaya"
"794108","North Garo Hills","Meghalaya"
"794109","West Garo Hills","Meghalaya"
"794110","East Garo Hills","Meghalaya"
"794111","East Garo Hills","Meghalaya"
"794112","West Garo Hills","Meghalaya"
"794113","East Garo Hills","Meghalaya"
"794114","South Garo Hills","Meghalaya"
"794115","South West Garo Hills","Meghalaya"
"794116","Na","Not Applicable"
"795001","Imphal West","Manipur"
"795002","Imphal West","Manipur"
"795003","Imphal East","Manipur"
"795004","Imphal West","Manipur"
"795005","Imphal East","Manipur"
"795006","Pherzawl","Manipur"
"795007","Senapati","Manipur"
"795008","Imphal East","Manipur"
"795009","Imphal West","Manipur"
"795010","Kangpokpi","Manipur"
"795011","Bishnupur","Manipur"
"795015","Senapati","Manipur"
"795101","Chandel","Manipur"
"795102","Chandel","Manipur"
"795103","Thoubal","Manipur"
"795104","Senapati","Manipur"
"795105","Senapati","Manipur"
"795106","Senapati","Manipur"
"795107","Kangpokpi","Manipur"
"795112","Kangpokpi","Manipur"
"795113","Kangpokpi","Manipur"
"795114","Imphal East","Manipur"
"795115","Jiribam","Manipur"
"795116","Jiribam","Manipur"
"795117","Churachandpur","Manipur"
"795118","Kangpokpi","Manipur"
"795121","Imphal West","Manipur"
"795122","Kangpokpi","Manipur"
"795124","Bishnupur","Manipur"
"795125","Tamenglong","Manipur"
"795126","Kangpokpi","Manipur"
"795127","Chandel","Manipur"
"795128","Churachandpur","Manipur"
"795129","Kangpokpi","Manipur"
"795130","Thoubal","Manipur"
"795131","Tengnoupal","Manipur"
"795132","Kakching","Manipur"
"795133","Churachandpur","Manipur"
"795134","Bishnupur","Manipur"
"795135","Tengnoupal","Manipur"
"795136","Imphal West","Manipur"
"795138","Na","Not Applicable"
"795139","Churachandpur","Manipur"
"795140","Imphal West","Manipur"
"795141","Tamenglong","Manipur"
"795142","Ukhrul","Manipur"
"795143","Pherzawl","Manipur"
"795144","Ukhrul","Manipur"
"795145","Kamjong","Manipur"
"795146","Imphal West","Manipur"
"795147","Noney","Manipur"
"795148","Thoubal","Manipur"
"795149","Kangpokpi","Manipur"
"795150","Senapati","Manipur"
"795159","Noney","Manipur"
"795160","Na","Not Applicable"
"796001","Aizawl","Mizoram"
"796004","Aizawl","Mizoram"
"796005","Aizawl","Mizoram"
"796006","Aizawl","Mizoram"
"796007","Aizawl","Mizoram"
"796008","Aizawl","Mizoram"
"796009","Aizawl","Mizoram"
"796012","Aizawl","Mizoram"
"796014","Aizawl","Mizoram"
"796015","Aizawl","Mizoram"
"796017","Aizawl","Mizoram"
"796070","Kolasib","Mizoram"
"796081","Kolasib","Mizoram"
"796091","Kolasib","Mizoram"
"796101","Kolasib","Mizoram"
"796111","Aizawl","Mizoram"
"796161","Serchhip","Mizoram"
"796181","Serchhip","Mizoram"
"796184","Serchhip","Mizoram"
"796186","Serchhip","Mizoram"
"796190","Aizawl","Mizoram"
"796246","Aizawl","Mizoram"
"796261","Saitual","Mizoram"
"796290","Saitual","Mizoram"
"796291","Champhai","Mizoram"
"796310","Khawzawl","Mizoram"
"796320","Champhai","Mizoram"
"796321","Champhai","Mizoram"
"796370","Serchhip","Mizoram"
"796410","Mamit","Mizoram"
"796421","Aizawl","Mizoram"
"796431","Mamit","Mizoram"
"796441","Aizawl","Mizoram"
"796470","Aizawl","Mizoram"
"796501","Mamit","Mizoram"
"796571","Hnahthial","Mizoram"
"796691","Lunglei","Mizoram"
"796701","Lunglei","Mizoram"
"796710","Lunglei","Mizoram"
"796751","Lunglei","Mizoram"
"796770","Aizawl","Mizoram"
"796891","Lawngtlai","Mizoram"
"796901","Lawngtlai","Mizoram"
"797001","Kohima","Nagaland"
"797002","Kohima","Nagaland"
"797003","Kohima","Nagaland"
"797004","Kohima","Nagaland"
"797006","Kohima","Nagaland"
"797099","Wokha","Nagaland"
"797101","Peren","Nagaland"
"797103","Peren","Nagaland"
"797104","Zunheboto","Nagaland"
"797105","Kohima","Nagaland"
"797106","Dimapur","Nagaland"
"797107","Phek","Nagaland"
"797108","Phek","Nagaland"
"797109","Kohima","Nagaland"
"797110","Peren","Nagaland"
"797111","Wokha","Nagaland"
"797112","Dimapur","Nagaland"
"797113","Dimapur","Nagaland"
"797114","Phek","Nagaland"
"797115","Dimapur","Nagaland"
"797116","Dimapur","Nagaland"
"797117","Dimapur","Nagaland"
"797118","Dimapur","Nagaland"
"797120","Kohima","Nagaland"
"797121","Kohima","Nagaland"
"798601","Mokokchung","Nagaland"
"798602","Mon","Nagaland"
"798603","Mon","Nagaland"
"798604","Mokokchung","Nagaland"
"798607","Mokokchung","Nagaland"
"798611","Kiphire","Nagaland"
"798612","Tuensang","Nagaland"
"798613","Mokokchung","Nagaland"
"798614","Mokokchung","Nagaland"
"798615","Mokokchung","Nagaland"
"798616","Tuensang","Nagaland"
"798617","Kohima","Nagaland"
"798618","Mokokchung","Nagaland"
"798620","Zunheboto","Nagaland"
"798621","Mon","Nagaland"
"798622","Mon","Nagaland"
"798623","Mokokchung","Nagaland"
"798625","Longleng","Nagaland"
"798626","Kohima","Nagaland"
"798627","Zunheboto","Nagaland"
"798628","Tuensang","Nagaland"
"799001","Na","Not Applicable"
"799002","West Tripura","Tripura"
"799003","West Tripura","Tripura"
"799004","West Tripura","Tripura"
"799005","West Tripura","Tripura"
"799006","West Tripura","Tripura"
"799007","West Tripura","Tripura"
"799008","West Tripura","Tripura"
"799009","West Tripura","Tripura"
"799010","West Tripura","Tripura"
"799011","Sepahijala","Tripura"
"799012","West Tripura","Tripura"
"799013","Gomati","Tripura"
"799014","West Tripura","Tripura"
"799015","West Tripura","Tripura"
"799022","West Tripura","Tripura"
"799035","West Tripura","Tripura"
"799045","West Tripura","Tripura"
"799046","West Tripura","Tripura"
"799101","Gomati","Tripura"
"799102","Sepahijala","Tripura"
"799103","Sepahijala","Tripura"
"799104","Gomati","Tripura"
"799105","Gomati","Tripura"
"799113","Gomati","Tripura"
"799114","Gomati","Tripura"
"799115","Sepahijala","Tripura"
"799120","Gomati","Tripura"
"799125","South Tripura","Tripura"
"799130","West Tripura","Tripura"
"799131","Sepahijala","Tripura"
"799132","Sepahijala","Tripura"
"799141","South Tripura","Tripura"
"799142","South Tripura","Tripura"
"799143","South Tripura","Tripura"
"799144","South Tripura","Tripura"
"799145","South Tripura","Tripura"
"799150","South Tripura","Tripura"
"799153","South Tripura","Tripura"
"799155","South Tripura","Tripura"
"799156","South Tripura","Tripura"
"799157","South Tripura","Tripura"
"799201","Khowai","Tripura"
"799202","Khowai","Tripura"
"799203","Khowai","Tripura"
"799204","Dhalai","Tripura"
"799205","Khowai","Tripura"
"799207","Khowai","Tripura"
"799210","West Tripura","Tripura"
"799211","West Tripura","Tripura"
"799212","West Tripura","Tripura"
"799250","North Tripura","Tripura"
"799251","North Tripura","Tripura"
"799253","North Tripura","Tripura"
"799254","North Tripura","Tripura"
"799256","North Tripura","Tripura"
"799260","North Tripura","Tripura"
"799261","North Tripura","Tripura"
"799262","North Tripura","Tripura"
"799263","Unakoti","Tripura"
"799264","Unakoti","Tripura"
"799266","Dhalai","Tripura"
"799269","North Tripura","Tripura"
"799270","North Tripura","Tripura"
"799271","North Tripura","Tripura"
"799273","Dhalai","Tripura"
"799275","Dhalai","Tripura"
"799277","Unakoti","Tripura"
"799278","Dhalai","Tripura"
"799279","Unakoti","Tripura"
"799280","Unakoti","Tripura"
"799281","Unakoti","Tripura"
"799282","Unakoti","Tripura"
"799284","Dhalai","Tripura"
"799285","Dhalai","Tripura"
"799286","Dhalai","Tripura"
"799287","Dhalai","Tripura"
"799288","Unakoti","Tripura"
"799289","Dhalai","Tripura"
"799290","Unakoti","Tripura"
"800001","Patna","Bihar"
"800002","Patna","Bihar"
"800003","Patna","Bihar"
"800004","Patna","Bihar"
"800005","Patna","Bihar"
"800006","Patna","Bihar"
"800007","Patna","Bihar"
"800008","Patna","Bihar"
"800009","Patna","Bihar"
"800010","Patna","Bihar"
"800011","Patna","Bihar"
"800012","Patna","Bihar"
"800013","Patna","Bihar"
"800014","Patna","Bihar"
"800015","Patna","Bihar"
"800016","Patna","Bihar"
"800017","Patna","Bihar"
"800019","Patna","Bihar"
"800020","Patna","Bihar"
"800021","Patna","Bihar"
"800022","Patna","Bihar"
"800023","Patna","Bihar"
"800024","Patna","Bihar"
"800025","Patna","Bihar"
"800026","Patna","Bihar"
"800027","Patna","Bihar"
"800028","Patna","Bihar"
"800030","Patna","Bihar"
"800031","Patna","Bihar"
"800032","Patna","Bihar"
"800033","Na","Not Applicable"
"800034","Patna","Bihar"
"800035","Patna","Bihar"
"800036","Na","Not Applicable"
"801102","Patna","Bihar"
"801103","Patna","Bihar"
"801104","Patna","Bihar"
"801105","Patna","Bihar"
"801106","Patna","Bihar"
"801107","Patna","Bihar"
"801108","Patna","Bihar"
"801109","Patna","Bihar"
"801110","Patna","Bihar"
"801111","Patna","Bihar"
"801112","Patna","Bihar"
"801113","Patna","Bihar"
"801301","Nalanda","Bihar"
"801302","Nawada","Bihar"
"801303","Nalanda","Bihar"
"801304","Patna","Bihar"
"801305","Patna","Bihar"
"801306","Nalanda","Bihar"
"801307","Nalanda","Bihar"
"801308","Na","Not Applicable"
"801503","Patna","Bihar"
"801505","Patna","Bihar"
"801506","Patna","Bihar"
"801507","Patna","Bihar"
"802101","Buxar","Bihar"
"802102","Buxar","Bihar"
"802103","Buxar","Bihar"
"802111","Buxar","Bihar"
"802112","Buxar","Bihar"
"802113","Buxar","Bihar"
"802114","Buxar","Bihar"
"802115","Buxar","Bihar"
"802116","Buxar","Bihar"
"802117","Buxar","Bihar"
"802118","Buxar","Bihar"
"802119","Buxar","Bihar"
"802120","Buxar","Bihar"
"802122","Buxar","Bihar"
"802123","Buxar","Bihar"
"802125","Buxar","Bihar"
"802126","Buxar","Bihar"
"802127","Buxar","Bihar"
"802128","Buxar","Bihar"
"802129","Buxar","Bihar"
"802130","Buxar","Bihar"
"802131","Buxar","Bihar"
"802132","Kaimur","Bihar"
"802133","Buxar","Bihar"
"802134","Buxar","Bihar"
"802135","Buxar","Bihar"
"802136","Buxar","Bihar"
"802152","Bhojpur","Bihar"
"802154","Bhojpur","Bihar"
"802155","Bhojpur","Bihar"
"802156","Bhojpur","Bihar"
"802157","Bhojpur","Bihar"
"802158","Bhojpur","Bihar"
"802159","Bhojpur","Bihar"
"802160","Bhojpur","Bihar"
"802161","Bhojpur","Bihar"
"802162","Bhojpur","Bihar"
"802163","Bhojpur","Bihar"
"802164","Bhojpur","Bihar"
"802165","Bhojpur","Bihar"
"802166","Bhojpur","Bihar"
"802183","Bhojpur","Bihar"
"802201","Bhojpur","Bihar"
"802202","Bhojpur","Bihar"
"802203","Bhojpur","Bihar"
"802204","Bhojpur","Bihar"
"802205","Bhojpur","Bihar"
"802206","Bhojpur","Bihar"
"802207","Bhojpur","Bihar"
"802208","Bhojpur","Bihar"
"802209","Bhojpur","Bihar"
"802210","Bhojpur","Bihar"
"802211","Rohtas","Bihar"
"802212","Rohtas","Bihar"
"802213","Rohtas","Bihar"
"802214","Rohtas","Bihar"
"802215","Rohtas","Bihar"
"802216","Rohtas","Bihar"
"802217","Rohtas","Bihar"
"802218","Rohtas","Bihar"
"802219","Rohtas","Bihar"
"802220","Rohtas","Bihar"
"802221","Rohtas","Bihar"
"802222","Bhojpur","Bihar"
"802223","Bhojpur","Bihar"
"802224","Bhojpur","Bihar"
"802226","Rohtas","Bihar"
"802301","Bhojpur","Bihar"
"802302","Bhojpur","Bihar"
"802311","Bhojpur","Bihar"
"802312","Bhojpur","Bihar"
"802313","Bhojpur","Bihar"
"802314","Bhojpur","Bihar"
"802316","Bhojpur","Bihar"
"802351","Bhojpur","Bihar"
"802352","Bhojpur","Bihar"
"803101","Nalanda","Bihar"
"803107","Nalanda","Bihar"
"803108","Nalanda","Bihar"
"803109","Nalanda","Bihar"
"803110","Patna","Bihar"
"803111","Nalanda","Bihar"
"803113","Nalanda","Bihar"
"803114","Nalanda","Bihar"
"803115","Nalanda","Bihar"
"803116","Nalanda","Bihar"
"803117","Nalanda","Bihar"
"803118","Nalanda","Bihar"
"803119","Nalanda","Bihar"
"803120","Nalanda","Bihar"
"803121","Nalanda","Bihar"
"803201","Patna","Bihar"
"803202","Nalanda","Bihar"
"803203","Patna","Bihar"
"803211","Patna","Bihar"
"803212","Patna","Bihar"
"803213","Patna","Bihar"
"803214","Patna","Bihar"
"803215","Patna","Bihar"
"803216","Nalanda","Bihar"
"803221","Patna","Bihar"
"803301","Patna","Bihar"
"803302","Patna","Bihar"
"803303","Patna","Bihar"
"803306","Patna","Bihar"
"803307","Patna","Bihar"
"804401","Arwal","Bihar"
"804402","Arwal","Bihar"
"804403","Arwal","Bihar"
"804404","Gaya","Bihar"
"804405","Jehanabad","Bihar"
"804406","Jehanabad","Bihar"
"804407","Gaya","Bihar"
"804408","Jehanabad","Bihar"
"804409","Aurangabad (MH)","Bihar"
"804417","Jehanabad","Bihar"
"804418","Jehanabad","Bihar"
"804419","Arwal","Bihar"
"804420","Arwal","Bihar"
"804421","Arwal","Bihar"
"804422","Jehanabad","Bihar"
"804423","Arwal","Bihar"
"804424","Arwal","Bihar"
"804425","Jehanabad","Bihar"
"804426","Arwal","Bihar"
"804427","Arwal","Bihar"
"804428","Arwal","Bihar"
"804429","Jehanabad","Bihar"
"804432","Jehanabad","Bihar"
"804435","Gaya","Bihar"
"804451","Jehanabad","Bihar"
"804452","Jehanabad","Bihar"
"804453","Patna","Bihar"
"804454","Na","Not Applicable"
"805101","Nawada","Bihar"
"805102","Nawada","Bihar"
"805103","Nawada","Bihar"
"805104","Nawada","Bihar"
"805105","Nalanda","Bihar"
"805106","Nawada","Bihar"
"805107","Nawada","Bihar"
"805108","Na","Not Applicable"
"805109","Nawada","Bihar"
"805110","Nawada","Bihar"
"805111","Nawada","Bihar"
"805112","Nawada","Bihar"
"805113","Nawada","Bihar"
"805114","Nawada","Bihar"
"805121","Nawada","Bihar"
"805122","Nawada","Bihar"
"805123","Nawada","Bihar"
"805124","Nawada","Bihar"
"805125","Nawada","Bihar"
"805126","Nawada","Bihar"
"805127","Nawada","Bihar"
"805128","Gaya","Bihar"
"805129","Nawada","Bihar"
"805130","Nawada","Bihar"
"805131","Gaya","Bihar"
"805132","Nawada","Bihar"
"805141","Nawada","Bihar"
"805142","Na","Not Applicable"
"811101","Sheikhpura","Bihar"
"811102","Sheikhpura","Bihar"
"811103","Sheikhpura","Bihar"
"811104","Nalanda","Bihar"
"811105","Sheikhpura","Bihar"
"811106","Lakhisarai","Bihar"
"811107","Sheikhpura","Bihar"
"811112","Lakhisarai","Bihar"
"811201","Munger","Bihar"
"811202","Munger","Bihar"
"811211","Munger","Bihar"
"811212","Munger","Bihar"
"811213","Munger","Bihar"
"811214","Munger","Bihar"
"811301","Jamui","Bihar"
"811302","Lakhisarai","Bihar"
"811303","Jamui","Bihar"
"811304","Sheikhpura","Bihar"
"811305","Jamui","Bihar"
"811306","Lakhisarai","Bihar"
"811307","Jamui","Bihar"
"811308","Jamui","Bihar"
"811309","Lakhisarai","Bihar"
"811310","Lakhisarai","Bihar"
"811311","Lakhisarai","Bihar"
"811312","Jamui","Bihar"
"811313","Jamui","Bihar"
"811314","Jamui","Bihar"
"811315","Na","Not Applicable"
"811316","Jamui","Bihar"
"811317","Jamui","Bihar"
"812001","Bhagalpur","Bihar"
"812002","Bhagalpur","Bihar"
"812003","Bhagalpur","Bihar"
"812004","Bhagalpur","Bihar"
"812005","Bhagalpur","Bihar"
"812006","Bhagalpur","Bihar"
"812007","Bhagalpur","Bihar"
"813101","Banka","Bihar"
"813102","Supaul","Bihar"
"813103","Banka","Bihar"
"813104","Banka","Bihar"
"813105","Banka","Bihar"
"813106","Banka","Bihar"
"813107","Banka","Bihar"
"813108","Bhagalpur","Bihar"
"813109","Banka","Bihar"
"813110","Banka","Bihar"
"813201","Munger","Bihar"
"813202","Banka","Bihar"
"813203","Bhagalpur","Bihar"
"813204","Bhagalpur","Bihar"
"813205","Banka","Bihar"
"813206","Bhagalpur","Bihar"
"813207","Banka","Bihar"
"813208","Godda","Jharkhand"
"813209","Bhagalpur","Bihar"
"813210","Bhagalpur","Bihar"
"813211","Banka","Bihar"
"813212","Munger","Bihar"
"813213","Bhagalpur","Bihar"
"813214","Bhagalpur","Bihar"
"813221","Munger","Bihar"
"813222","Bhagalpur","Bihar"
"814101","Dumka","Jharkhand"
"814102","Dumka","Jharkhand"
"814103","Dumka","Jharkhand"
"814110","Dumka","Jharkhand"
"814111","Pakur","Jharkhand"
"814112","Deoghar","Jharkhand"
"814113","Deoghar","Jharkhand"
"814114","Deoghar","Jharkhand"
"814115","Deoghar","Jharkhand"
"814116","Deoghar","Jharkhand"
"814118","Dumka","Jharkhand"
"814119","Dumka","Jharkhand"
"814120","Dumka","Jharkhand"
"814131","Banka","Bihar"
"814133","Godda","Jharkhand"
"814141","Dumka","Jharkhand"
"814142","Deoghar","Jharkhand"
"814143","Deoghar","Jharkhand"
"814144","Dumka","Jharkhand"
"814145","Dumka","Jharkhand"
"814146","Dumka","Jharkhand"
"814147","Godda","Jharkhand"
"814148","Dumka","Jharkhand"
"814149","Deoghar","Jharkhand"
"814150","Deoghar","Jharkhand"
"814151","Dumka","Jharkhand"
"814152","Deoghar","Jharkhand"
"814153","Godda","Jharkhand"
"814154","Godda","Jharkhand"
"814155","Godda","Jharkhand"
"814156","Godda","Jharkhand"
"814157","Deoghar","Jharkhand"
"814158","Dumka","Jharkhand"
"814160","Godda","Jharkhand"
"814165","Godda","Jharkhand"
"814166","Jamtara","Jharkhand"
"814167","Dumka","Jharkhand"
"814168","Dumka","Jharkhand"
"814170","Dumka","Jharkhand"
"815117","Pakur","Jharkhand"
"815301","Giridih","Jharkhand"
"815302","Giridih","Jharkhand"
"815311","Giridih","Jharkhand"
"815312","Giridih","Jharkhand"
"815313","Giridih","Jharkhand"
"815314","Giridih","Jharkhand"
"815315","Giridih","Jharkhand"
"815316","Giridih","Jharkhand"
"815317","Giridih","Jharkhand"
"815318","Giridih","Jharkhand"
"815351","Jamtara","Jharkhand"
"815352","Jamtara","Jharkhand"
"815353","Deoghar","Jharkhand"
"815354","Jamtara","Jharkhand"
"815355","Jamtara","Jharkhand"
"815357","Deoghar","Jharkhand"
"815359","Jamtara","Jharkhand"
"816101","Sahebganj","Jharkhand"
"816102","Sahebganj","Jharkhand"
"816103","Pakur","Jharkhand"
"816104","Pakur","Jharkhand"
"816105","Pakur","Jharkhand"
"816106","Pakur","Jharkhand"
"816107","Pakur","Jharkhand"
"816108","Sahebganj","Jharkhand"
"816109","Sahebganj","Jharkhand"
"816110","Sahebganj","Jharkhand"
"816115","Sahebganj","Jharkhand"
"816116","Sahebganj","Jharkhand"
"816117","Pakur","Jharkhand"
"816118","Dumka","Jharkhand"
"816120","Sahebganj","Jharkhand"
"816129","Sahebganj","Jharkhand"
"818142","Dhanbad","Jharkhand"
"821015","Rohtas","Bihar"
"821101","Kaimur","Bihar"
"821102","Kaimur","Bihar"
"821103","Kaimur","Bihar"
"821104","Rohtas","Bihar"
"821105","Kaimur","Bihar"
"821106","Kaimur","Bihar"
"821107","Rohtas","Bihar"
"821108","Kaimur","Bihar"
"821109","Kaimur","Bihar"
"821110","Kaimur","Bihar"
"821111","Rohtas","Bihar"
"821112","Rohtas","Bihar"
"821113","Rohtas","Bihar"
"821114","Rohtas","Bihar"
"821115","Rohtas","Bihar"
"821301","Rohtas","Bihar"
"821302","Rohtas","Bihar"
"821303","Rohtas","Bihar"
"821304","Rohtas","Bihar"
"821305","Rohtas","Bihar"
"821306","Rohtas","Bihar"
"821307","Rohtas","Bihar"
"821308","Rohtas","Bihar"
"821309","Rohtas","Bihar"
"821310","Rohtas","Bihar"
"821311","Rohtas","Bihar"
"821312","Rohtas","Bihar"
"822101","Palamu","Jharkhand"
"822102","Palamu","Jharkhand"
"822110","Palamu","Jharkhand"
"822111","Latehar","Jharkhand"
"822112","Garhwa","Jharkhand"
"822113","Palamu","Jharkhand"
"822114","Garhwa","Jharkhand"
"822115","Palamu","Jharkhand"
"822116","Palamu","Jharkhand"
"822117","Palamu","Jharkhand"
"822118","Palamu","Jharkhand"
"822119","Latehar","Jharkhand"
"822120","Garhwa","Jharkhand"
"822121","Garhwa","Jharkhand"
"822122","Palamu","Jharkhand"
"822123","Palamu","Jharkhand"
"822124","Garhwa","Jharkhand"
"822125","Garhwa","Jharkhand"
"822126","Latehar","Jharkhand"
"822128","Garhwa","Jharkhand"
"822129","Garhwa","Jharkhand"
"822131","Palamu","Jharkhand"
"822132","Palamu","Jharkhand"
"822133","Palamu","Jharkhand"
"822134","Garhwa","Jharkhand"
"823001","Gaya","Bihar"
"823002","Gaya","Bihar"
"823003","Gaya","Bihar"
"823004","Gaya","Bihar"
"823005","Gaya","Bihar"
"823311","Gaya","Bihar"
"824101","Aurangabad (MH)","Bihar"
"824102","Aurangabad (MH)","Bihar"
"824103","Aurangabad (MH)","Bihar"
"824111","Aurangabad (MH)","Bihar"
"824112","Aurangabad (MH)","Bihar"
"824113","Aurangabad (MH)","Bihar"
"824114","Aurangabad (MH)","Bihar"
"824115","Aurangabad (MH)","Bihar"
"824116","Gaya","Bihar"
"824118","Gaya","Bihar"
"824120","Aurangabad (MH)","Bihar"
"824121","Aurangabad (MH)","Bihar"
"824122","Aurangabad (MH)","Bihar"
"824123","Aurangabad (MH)","Bihar"
"824124","Aurangabad (MH)","Bihar"
"824125","Aurangabad (MH)","Bihar"
"824126","Aurangabad (MH)","Bihar"
"824127","Arwal","Bihar"
"824129","Aurangabad (MH)","Bihar"
"824143","Aurangabad (MH)","Bihar"
"824201","Gaya","Bihar"
"824202","Aurangabad (MH)","Bihar"
"824203","Aurangabad (MH)","Bihar"
"824205","Gaya","Bihar"
"824206","Gaya","Bihar"
"824207","Gaya","Bihar"
"824208","Aurangabad (MH)","Bihar"
"824209","Gaya","Bihar"
"824210","Gaya","Bihar"
"824211","Gaya","Bihar"
"824217","Gaya","Bihar"
"824219","Aurangabad (MH)","Bihar"
"824220","Gaya","Bihar"
"824221","Gaya","Bihar"
"824231","Gaya","Bihar"
"824232","Gaya","Bihar"
"824233","Gaya","Bihar"
"824234","Gaya","Bihar"
"824235","Gaya","Bihar"
"824236","Gaya","Bihar"
"824237","Gaya","Bihar"
"824301","Aurangabad (MH)","Bihar"
"824302","Aurangabad (MH)","Bihar"
"824303","Aurangabad (MH)","Bihar"
"824304","Aurangabad (MH)","Bihar"
"825101","Ramgarh","Jharkhand"
"825102","Bokaro","Jharkhand"
"825103","Chatra","Jharkhand"
"825106","Giridih","Jharkhand"
"825108","Giridih","Jharkhand"
"825109","Koderma","Jharkhand"
"825132","Koderma","Jharkhand"
"825167","Giridih","Jharkhand"
"825301","Hazaribagh","Jharkhand"
"825302","Hazaribagh","Jharkhand"
"825303","Hazaribagh","Jharkhand"
"825311","Hazaribagh","Jharkhand"
"825312","Hazaribagh","Jharkhand"
"825313","Hazaribagh","Jharkhand"
"825314","Na","Not Applicable"
"825315","Hazaribagh","Jharkhand"
"825316","Ramgarh","Jharkhand"
"825317","Hazaribagh","Jharkhand"
"825318","Koderma","Jharkhand"
"825319","Hazaribagh","Jharkhand"
"825320","Giridih","Jharkhand"
"825321","Chatra","Jharkhand"
"825322","Giridih","Jharkhand"
"825323","Hazaribagh","Jharkhand"
"825324","Giridih","Jharkhand"
"825325","Bokaro","Jharkhand"
"825326","Ramgarh","Jharkhand"
"825329","Giridih","Jharkhand"
"825330","Ramgarh","Jharkhand"
"825336","Hazaribagh","Jharkhand"
"825401","Chatra","Jharkhand"
"825402","Hazaribagh","Jharkhand"
"825403","Chatra","Jharkhand"
"825404","Chatra","Jharkhand"
"825405","Hazaribagh","Jharkhand"
"825406","Hazaribagh","Jharkhand"
"825407","Koderma","Jharkhand"
"825408","Chatra","Jharkhand"
"825409","Koderma","Jharkhand"
"825410","Koderma","Jharkhand"
"825411","Hazaribagh","Jharkhand"
"825412","Giridih","Jharkhand"
"825413","Hazaribagh","Jharkhand"
"825414","Chatra","Jharkhand"
"825415","Chatra","Jharkhand"
"825418","Koderma","Jharkhand"
"825421","Koderma","Jharkhand"
"826001","Dhanbad","Jharkhand"
"826003","Dhanbad","Jharkhand"
"826004","Dhanbad","Jharkhand"
"826005","Dhanbad","Jharkhand"
"826006","Dhanbad","Jharkhand"
"826007","Dhanbad","Jharkhand"
"826008","Dhanbad","Jharkhand"
"826009","Dhanbad","Jharkhand"
"826010","Dhanbad","Jharkhand"
"826011","Dhanbad","Jharkhand"
"826012","Dhanbad","Jharkhand"
"826013","Dhanbad","Jharkhand"
"827001","Bokaro","Jharkhand"
"827003","Bokaro","Jharkhand"
"827004","Bokaro","Jharkhand"
"827006","Bokaro","Jharkhand"
"827009","Bokaro","Jharkhand"
"827010","Bokaro","Jharkhand"
"827012","Bokaro","Jharkhand"
"827013","Bokaro","Jharkhand"
"827014","Bokaro","Jharkhand"
"827015","Bokaro","Jharkhand"
"827016","Bokaro","Jharkhand"
"827302","Bokaro","Jharkhand"
"828101","Dhanbad","Jharkhand"
"828103","Dhanbad","Jharkhand"
"828104","Dhanbad","Jharkhand"
"828105","Dhanbad","Jharkhand"
"828106","Dhanbad","Jharkhand"
"828107","Dhanbad","Jharkhand"
"828108","Dhanbad","Jharkhand"
"828109","Dhanbad","Jharkhand"
"828110","Dhanbad","Jharkhand"
"828111","Dhanbad","Jharkhand"
"828112","Dhanbad","Jharkhand"
"828113","Dhanbad","Jharkhand"
"828114","Dhanbad","Jharkhand"
"828115","Dhanbad","Jharkhand"
"828116","Dhanbad","Jharkhand"
"828117","Dhanbad","Jharkhand"
"828119","Dhanbad","Jharkhand"
"828120","Dhanbad","Jharkhand"
"828121","Dhanbad","Jharkhand"
"828122","Dhanbad","Jharkhand"
"828123","Dhanbad","Jharkhand"
"828124","Dhanbad","Jharkhand"
"828125","Dhanbad","Jharkhand"
"828126","Dhanbad","Jharkhand"
"828127","Dhanbad","Jharkhand"
"828128","Dhanbad","Jharkhand"
"828129","Dhanbad","Jharkhand"
"828130","Dhanbad","Jharkhand"
"828131","Dhanbad","Jharkhand"
"828132","Dhanbad","Jharkhand"
"828133","Dhanbad","Jharkhand"
"828134","Bokaro","Jharkhand"
"828135","Dhanbad","Jharkhand"
"828142","Dhanbad","Jharkhand"
"828201","Dhanbad","Jharkhand"
"828202","Dhanbad","Jharkhand"
"828203","Dhanbad","Jharkhand"
"828204","Dhanbad","Jharkhand"
"828205","Dhanbad","Jharkhand"
"828206","Dhanbad","Jharkhand"
"828207","Dhanbad","Jharkhand"
"828301","Dhanbad","Jharkhand"
"828302","Dhanbad","Jharkhand"
"828303","Bokaro","Jharkhand"
"828304","Dhanbad","Jharkhand"
"828305","Dhanbad","Jharkhand"
"828306","Dhanbad","Jharkhand"
"828307","Dhanbad","Jharkhand"
"828309","Dhanbad","Jharkhand"
"828401","Dhanbad","Jharkhand"
"828402","Dhanbad","Jharkhand"
"828403","Bokaro","Jharkhand"
"828404","Bokaro","Jharkhand"
"829101","Ramgarh","Jharkhand"
"829102","Ramgarh","Jharkhand"
"829103","Ramgarh","Jharkhand"
"829104","Bokaro","Jharkhand"
"829105","Ramgarh","Jharkhand"
"829106","Ramgarh","Jharkhand"
"829107","Bokaro","Jharkhand"
"829108","Ramgarh","Jharkhand"
"829109","Ramgarh","Jharkhand"
"829110","Ramgarh","Jharkhand"
"829111","Bokaro","Jharkhand"
"829112","Bokaro","Jharkhand"
"829113","Bokaro","Jharkhand"
"829114","Bokaro","Jharkhand"
"829115","Bokaro","Jharkhand"
"829116","Bokaro","Jharkhand"
"829117","Ramgarh","Jharkhand"
"829118","Ramgarh","Jharkhand"
"829119","Ramgarh","Jharkhand"
"829121","Bokaro","Jharkhand"
"829122","Ramgarh","Jharkhand"
"829123","Bokaro","Jharkhand"
"829125","Ramgarh","Jharkhand"
"829126","Ramgarh","Jharkhand"
"829127","Bokaro","Jharkhand"
"829128","Bokaro","Jharkhand"
"829129","Ramgarh","Jharkhand"
"829130","Ramgarh","Jharkhand"
"829131","Ramgarh","Jharkhand"
"829132","Bokaro","Jharkhand"
"829133","Ramgarh","Jharkhand"
"829134","Ramgarh","Jharkhand"
"829135","Ramgarh","Jharkhand"
"829143","Ramgarh","Jharkhand"
"829144","Bokaro","Jharkhand"
"829149","Bokaro","Jharkhand"
"829150","Ramgarh","Jharkhand"
"829201","Chatra","Jharkhand"
"829202","Latehar","Jharkhand"
"829203","Latehar","Jharkhand"
"829204","Latehar","Jharkhand"
"829205","Ranchi","Jharkhand"
"829206","Latehar","Jharkhand"
"829207","Latehar","Jharkhand"
"829208","Ranchi","Jharkhand"
"829209","Ranchi","Jharkhand"
"829210","Ranchi","Jharkhand"
"829301","Bokaro","Jharkhand"
"831001","East Singhbum","Jharkhand"
"831002","Saraikela Kharsawan","Jharkhand"
"831003","East Singhbum","Jharkhand"
"831004","East Singhbum","Jharkhand"
"831005","East Singhbum","Jharkhand"
"831006","East Singhbum","Jharkhand"
"831007","East Singhbum","Jharkhand"
"831009","East Singhbum","Jharkhand"
"831011","East Singhbum","Jharkhand"
"831012","East Singhbum","Jharkhand"
"831013","Saraikela Kharsawan","Jharkhand"
"831014","Saraikela Kharsawan","Jharkhand"
"831015","East Singhbum","Jharkhand"
"831016","East Singhbum","Jharkhand"
"831017","East Singhbum","Jharkhand"
"831019","East Singhbum","Jharkhand"
"831020","East Singhbum","Jharkhand"
"831021","East Singhbum","Jharkhand"
"832101","East Singhbum","Jharkhand"
"832102","East Singhbum","Jharkhand"
"832103","East Singhbum","Jharkhand"
"832104","East Singhbum","Jharkhand"
"832105","East Singhbum","Jharkhand"
"832106","East Singhbum","Jharkhand"
"832107","East Singhbum","Jharkhand"
"832108","Saraikela Kharsawan","Jharkhand"
"832109","Saraikela Kharsawan","Jharkhand"
"832111","East Singhbum","Jharkhand"
"832112","East Singhbum","Jharkhand"
"832113","East Singhbum","Jharkhand"
"832301","East Singhbum","Jharkhand"
"832302","East Singhbum","Jharkhand"
"832303","East Singhbum","Jharkhand"
"832304","East Singhbum","Jharkhand"
"832401","Saraikela Kharsawan","Jharkhand"
"832402","Saraikela Kharsawan","Jharkhand"
"832403","Saraikela Kharsawan","Jharkhand"
"832404","Saraikela Kharsawan","Jharkhand"
"833101","Saraikela Kharsawan","Jharkhand"
"833102","West Singhbhum","Jharkhand"
"833103","West Singhbhum","Jharkhand"
"833104","West Singhbhum","Jharkhand"
"833105","West Singhbhum","Jharkhand"
"833106","West Singhbhum","Jharkhand"
"833201","West Singhbhum","Jharkhand"
"833202","West Singhbhum","Jharkhand"
"833203","West Singhbhum","Jharkhand"
"833204","West Singhbhum","Jharkhand"
"833212","West Singhbhum","Jharkhand"
"833213","West Singhbhum","Jharkhand"
"833214","West Singhbhum","Jharkhand"
"833215","West Singhbhum","Jharkhand"
"833216","Saraikela Kharsawan","Jharkhand"
"833217","West Singhbhum","Jharkhand"
"833218","West Singhbhum","Jharkhand"
"833219","Saraikela Kharsawan","Jharkhand"
"833220","Saraikela Kharsawan","Jharkhand"
"833221","West Singhbhum","Jharkhand"
"833222","West Singhbhum","Jharkhand"
"833223","West Singhbhum","Jharkhand"
"834001","Ranchi","Jharkhand"
"834002","Ranchi","Jharkhand"
"834003","Ranchi","Jharkhand"
"834004","Ranchi","Jharkhand"
"834005","Ranchi","Jharkhand"
"834006","Ranchi","Jharkhand"
"834007","Ranchi","Jharkhand"
"834008","Ranchi","Jharkhand"
"834009","Ranchi","Jharkhand"
"834010","Ranchi","Jharkhand"
"834011","Ranchi","Jharkhand"
"834012","Ranchi","Jharkhand"
"834013","Ranchi","Jharkhand"
"834014","Ranchi","Jharkhand"
"835101","Ranchi","Jharkhand"
"835102","Ranchi","Jharkhand"
"835103","Ranchi","Jharkhand"
"835201","Simdega","Jharkhand"
"835202","Ranchi","Jharkhand"
"835203","Lohardaga","Jharkhand"
"835204","Ranchi","Jharkhand"
"835205","Ranchi","Jharkhand"
"835206","Gumla","Jharkhand"
"835207","Gumla","Jharkhand"
"835208","Gumla","Jharkhand"
"835209","Khunti","Jharkhand"
"835210","Khunti","Jharkhand"
"835211","Simdega","Jharkhand"
"835212","Simdega","Jharkhand"
"835213","Lohardaga","Jharkhand"
"835214","Ranchi","Jharkhand"
"835215","Ranchi","Jharkhand"
"835216","Khunti","Jharkhand"
"835217","Ranchi","Jharkhand"
"835218","Gumla","Jharkhand"
"835219","Ranchi","Jharkhand"
"835220","Gumla","Jharkhand"
"835221","Khunti","Jharkhand"
"835222","Ranchi","Jharkhand"
"835223","Simdega","Jharkhand"
"835224","Gumla","Jharkhand"
"835225","Ranchi","Jharkhand"
"835226","Simdega","Jharkhand"
"835227","Khunti","Jharkhand"
"835228","Simdega","Jharkhand"
"835229","Gumla","Jharkhand"
"835230","Gumla","Jharkhand"
"835231","Gumla","Jharkhand"
"835232","Gumla","Jharkhand"
"835233","Gumla","Jharkhand"
"835234","Ranchi","Jharkhand"
"835235","Simdega","Jharkhand"
"835301","Ranchi","Jharkhand"
"835302","Lohardaga","Jharkhand"
"835303","Ranchi","Jharkhand"
"835325","Lohardaga","Jharkhand"
"841101","Saran","Bihar"
"841201","Saran","Bihar"
"841202","Saran","Bihar"
"841203","Siwan","Bihar"
"841204","Saran","Bihar"
"841205","Saran","Bihar"
"841206","Saran","Bihar"
"841207","Saran","Bihar"
"841208","Saran","Bihar"
"841209","Saran","Bihar"
"841210","Siwan","Bihar"
"841211","Saran","Bihar"
"841212","Saran","Bihar"
"841213","Saran","Bihar"
"841214","Saran","Bihar"
"841215","Saran","Bihar"
"841216","Saran","Bihar"
"841217","Saran","Bihar"
"841218","Saran","Bihar"
"841219","Saran","Bihar"
"841220","Saran","Bihar"
"841221","Saran","Bihar"
"841222","Saran","Bihar"
"841223","Saran","Bihar"
"841224","Saran","Bihar"
"841225","Saran","Bihar"
"841226","Siwan","Bihar"
"841227","Siwan","Bihar"
"841228","Siwan","Bihar"
"841231","Siwan","Bihar"
"841232","Siwan","Bihar"
"841233","Siwan","Bihar"
"841234","Siwan","Bihar"
"841235","Siwan","Bihar"
"841236","Siwan","Bihar"
"841237","Siwan","Bihar"
"841238","Siwan","Bihar"
"841239","Siwan","Bihar"
"841240","Siwan","Bihar"
"841241","Siwan","Bihar"
"841242","Siwan","Bihar"
"841243","Siwan","Bihar"
"841244","Siwan","Bihar"
"841245","Siwan","Bihar"
"841286","Siwan","Bihar"
"841287","Siwan","Bihar"
"841301","Saran","Bihar"
"841302","Saran","Bihar"
"841305","Saran","Bihar"
"841311","Saran","Bihar"
"841312","Saran","Bihar"
"841313","Saran","Bihar"
"841316","Saran","Bihar"
"841401","Saran","Bihar"
"841402","Saran","Bihar"
"841403","Saran","Bihar"
"841404","Siwan","Bihar"
"841405","Gopalganj","Bihar"
"841406","Siwan","Bihar"
"841407","Gopalganj","Bihar"
"841408","Siwan","Bihar"
"841409","Gopalganj","Bihar"
"841410","Saran","Bihar"
"841411","Saran","Bihar"
"841412","Saran","Bihar"
"841413","Siwan","Bihar"
"841414","Saran","Bihar"
"841415","Saran","Bihar"
"841416","Siwan","Bihar"
"841417","Saran","Bihar"
"841418","Saran","Bihar"
"841419","Saran","Bihar"
"841420","Gopalganj","Bihar"
"841421","Saran","Bihar"
"841422","Saran","Bihar"
"841423","Gopalganj","Bihar"
"841424","Saran","Bihar"
"841425","Gopalganj","Bihar"
"841426","Gopalganj","Bihar"
"841427","Gopalganj","Bihar"
"841428","Gopalganj","Bihar"
"841434","Siwan","Bihar"
"841435","Siwan","Bihar"
"841436","Gopalganj","Bihar"
"841437","Gopalganj","Bihar"
"841438","Gopalganj","Bihar"
"841439","Siwan","Bihar"
"841440","Gopalganj","Bihar"
"841441","Gopalganj","Bihar"
"841442","Saran","Bihar"
"841443","Saran","Bihar"
"841446","Siwan","Bihar"
"841447","Gopalganj","Bihar"
"841460","Saran","Bihar"
"841501","Gopalganj","Bihar"
"841502","Siwan","Bihar"
"841503","Gopalganj","Bihar"
"841504","Siwan","Bihar"
"841505","Gopalganj","Bihar"
"841506","Siwan","Bihar"
"841507","Siwan","Bihar"
"841508","Gopalganj","Bihar"
"841509","Siwan","Bihar"
"842001","Muzaffarpur","Bihar"
"842002","Muzaffarpur","Bihar"
"842003","Muzaffarpur","Bihar"
"842004","Muzaffarpur","Bihar"
"842005","Muzaffarpur","Bihar"
"842006","Muzaffarpur","Bihar"
"843101","Muzaffarpur","Bihar"
"843102","Muzaffarpur","Bihar"
"843103","Muzaffarpur","Bihar"
"843104","Vaishali","Bihar"
"843105","Muzaffarpur","Bihar"
"843106","Muzaffarpur","Bihar"
"843107","Muzaffarpur","Bihar"
"843108","Muzaffarpur","Bihar"
"843109","Muzaffarpur","Bihar"
"843110","Vaishali","Bihar"
"843111","Muzaffarpur","Bihar"
"843112","Muzaffarpur","Bihar"
"843113","Muzaffarpur","Bihar"
"843114","Vaishali","Bihar"
"843115","Muzaffarpur","Bihar"
"843116","Muzaffarpur","Bihar"
"843117","Muzaffarpur","Bihar"
"843118","Muzaffarpur","Bihar"
"843119","Muzaffarpur","Bihar"
"843120","Muzaffarpur","Bihar"
"843121","Muzaffarpur","Bihar"
"843122","Muzaffarpur","Bihar"
"843123","Muzaffarpur","Bihar"
"843124","Muzaffarpur","Bihar"
"843125","Muzaffarpur","Bihar"
"843126","Muzaffarpur","Bihar"
"843127","Muzaffarpur","Bihar"
"843128","Muzaffarpur","Bihar"
"843129","Muzaffarpur","Bihar"
"843130","Muzaffarpur","Bihar"
"843131","Muzaffarpur","Bihar"
"843132","Muzaffarpur","Bihar"
"843301","Sitamarhi","Bihar"
"843302","Sitamarhi","Bihar"
"843311","Sitamarhi","Bihar"
"843312","Muzaffarpur","Bihar"
"843313","Sitamarhi","Bihar"
"843314","Sitamarhi","Bihar"
"843315","Sitamarhi","Bihar"
"843316","Sitamarhi","Bihar"
"843317","Sitamarhi","Bihar"
"843318","Sitamarhi","Bihar"
"843319","Sitamarhi","Bihar"
"843320","Sitamarhi","Bihar"
"843321","Muzaffarpur","Bihar"
"843322","Sitamarhi","Bihar"
"843323","Sitamarhi","Bihar"
"843324","Sitamarhi","Bihar"
"843325","Sitamarhi","Bihar"
"843326","Sitamarhi","Bihar"
"843327","Sitamarhi","Bihar"
"843328","Muzaffarpur","Bihar"
"843329","Sheohar","Bihar"
"843330","Sitamarhi","Bihar"
"843331","Sitamarhi","Bihar"
"843332","Sitamarhi","Bihar"
"843333","Sitamarhi","Bihar"
"843334","Sheohar","Bihar"
"843335","Sheohar","Bihar"
"843360","Muzaffarpur","Bihar"
"844101","Vaishali","Bihar"
"844102","Vaishali","Bihar"
"844103","Vaishali","Bihar"
"844111","Vaishali","Bihar"
"844112","Vaishali","Bihar"
"844113","Vaishali","Bihar"
"844114","Vaishali","Bihar"
"844115","Vaishali","Bihar"
"844116","Vaishali","Bihar"
"844117","Vaishali","Bihar"
"844118","Vaishali","Bihar"
"844119","Vaishali","Bihar"
"844120","Muzaffarpur","Bihar"
"844121","Vaishali","Bihar"
"844122","Vaishali","Bihar"
"844123","Vaishali","Bihar"
"844124","Vaishali","Bihar"
"844125","Na","Not Applicable"
"844126","Vaishali","Bihar"
"844127","Muzaffarpur","Bihar"
"844128","Vaishali","Bihar"
"844501","Vaishali","Bihar"
"844502","Vaishali","Bihar"
"844503","Vaishali","Bihar"
"844504","Vaishali","Bihar"
"844505","Vaishali","Bihar"
"844506","Vaishali","Bihar"
"844507","Vaishali","Bihar"
"844508","Vaishali","Bihar"
"844509","Vaishali","Bihar"
"845101","West Champaran","Bihar"
"845103","West Champaran","Bihar"
"845104","West Champaran","Bihar"
"845105","West Champaran","Bihar"
"845106","West Champaran","Bihar"
"845107","West Champaran","Bihar"
"845301","East Champaran","Bihar"
"845302","East Champaran","Bihar"
"845303","East Champaran","Bihar"
"845304","East Champaran","Bihar"
"845305","East Champaran","Bihar"
"845306","West Champaran","Bihar"
"845307","West Champaran","Bihar"
"845315","East Champaran","Bihar"
"845401","East Champaran","Bihar"
"845402","East Champaran","Bihar"
"845404","West Champaran","Bihar"
"845405","East Champaran","Bihar"
"845406","East Champaran","Bihar"
"845411","East Champaran","Bihar"
"845412","East Champaran","Bihar"
"845413","East Champaran","Bihar"
"845414","East Champaran","Bihar"
"845415","East Champaran","Bihar"
"845416","East Champaran","Bihar"
"845417","East Champaran","Bihar"
"845418","East Champaran","Bihar"
"845419","East Champaran","Bihar"
"845420","East Champaran","Bihar"
"845422","East Champaran","Bihar"
"845423","East Champaran","Bihar"
"845424","East Champaran","Bihar"
"845425","East Champaran","Bihar"
"845426","East Champaran","Bihar"
"845427","East Champaran","Bihar"
"845428","East Champaran","Bihar"
"845429","East Champaran","Bihar"
"845430","East Champaran","Bihar"
"845431","East Champaran","Bihar"
"845432","East Champaran","Bihar"
"845433","East Champaran","Bihar"
"845434","East Champaran","Bihar"
"845435","East Champaran","Bihar"
"845436","East Champaran","Bihar"
"845437","East Champaran","Bihar"
"845438","West Champaran","Bihar"
"845439","West Champaran","Bihar"
"845440","East Champaran","Bihar"
"845449","West Champaran","Bihar"
"845450","West Champaran","Bihar"
"845451","West Champaran","Bihar"
"845452","West Champaran","Bihar"
"845453","West Champaran","Bihar"
"845454","West Champaran","Bihar"
"845455","West Champaran","Bihar"
"845456","East Champaran","Bihar"
"845457","East Champaran","Bihar"
"845458","East Champaran","Bihar"
"845459","West Champaran","Bihar"
"846001","Darbhanga","Bihar"
"846002","Darbhanga","Bihar"
"846003","Darbhanga","Bihar"
"846004","Darbhanga","Bihar"
"846005","Darbhanga","Bihar"
"846006","Darbhanga","Bihar"
"846007","Darbhanga","Bihar"
"846008","Darbhanga","Bihar"
"846009","Darbhanga","Bihar"
"846010","Darbhanga","Bihar"
"847101","Darbhanga","Bihar"
"847102","Madhubani","Bihar"
"847103","Darbhanga","Bihar"
"847104","Darbhanga","Bihar"
"847105","Samastipur","Bihar"
"847106","Darbhanga","Bihar"
"847107","Darbhanga","Bihar"
"847108","Madhubani","Bihar"
"847109","Madhubani","Bihar"
"847115","Darbhanga","Bihar"
"847121","Darbhanga","Bihar"
"847122","Madhubani","Bihar"
"847123","Muzaffarpur","Bihar"
"847201","Darbhanga","Bihar"
"847202","Darbhanga","Bihar"
"847203","Darbhanga","Bihar"
"847204","Darbhanga","Bihar"
"847211","Madhubani","Bihar"
"847212","Madhubani","Bihar"
"847213","Madhubani","Bihar"
"847214","Madhubani","Bihar"
"847215","Madhubani","Bihar"
"847222","Madhubani","Bihar"
"847223","Madhubani","Bihar"
"847224","Madhubani","Bihar"
"847225","Madhubani","Bihar"
"847226","Madhubani","Bihar"
"847227","Madhubani","Bihar"
"847228","Madhubani","Bihar"
"847229","Madhubani","Bihar"
"847230","Madhubani","Bihar"
"847231","Madhubani","Bihar"
"847232","Madhubani","Bihar"
"847233","Darbhanga","Bihar"
"847234","Madhubani","Bihar"
"847235","Madhubani","Bihar"
"847236","Madhubani","Bihar"
"847238","Madhubani","Bihar"
"847239","Madhubani","Bihar"
"847240","Madhubani","Bihar"
"847301","Samastipur","Bihar"
"847302","Darbhanga","Bihar"
"847303","Darbhanga","Bihar"
"847304","Darbhanga","Bihar"
"847305","Madhubani","Bihar"
"847306","Darbhanga","Bihar"
"847307","Darbhanga","Bihar"
"847308","Madhubani","Bihar"
"847337","Darbhanga","Bihar"
"847401","Madhubani","Bihar"
"847402","Madhubani","Bihar"
"847403","Madhubani","Bihar"
"847404","Madhubani","Bihar"
"847405","Darbhanga","Bihar"
"847407","Darbhanga","Bihar"
"847408","Madhubani","Bihar"
"847409","Madhubani","Bihar"
"847410","Madhubani","Bihar"
"847411","Madhubani","Bihar"
"847412","Madhubani","Bihar"
"847421","Madhubani","Bihar"
"847422","Darbhanga","Bihar"
"847423","Darbhanga","Bihar"
"847424","Madhubani","Bihar"
"847427","Darbhanga","Bihar"
"847428","Darbhanga","Bihar"
"847429","Darbhanga","Bihar"
"847451","Supaul","Bihar"
"847452","Supaul","Bihar"
"848101","Samastipur","Bihar"
"848102","Samastipur","Bihar"
"848103","Samastipur","Bihar"
"848104","Samastipur","Bihar"
"848113","Samastipur","Bihar"
"848114","Samastipur","Bihar"
"848115","Samastipur","Bihar"
"848117","Samastipur","Bihar"
"848121","Samastipur","Bihar"
"848122","Samastipur","Bihar"
"848125","Samastipur","Bihar"
"848127","Samastipur","Bihar"
"848129","Samastipur","Bihar"
"848130","Samastipur","Bihar"
"848131","Samastipur","Bihar"
"848132","Samastipur","Bihar"
"848133","Samastipur","Bihar"
"848134","Samastipur","Bihar"
"848160","Samastipur","Bihar"
"848201","Begusarai","Bihar"
"848202","Begusarai","Bihar"
"848203","Khagaria","Bihar"
"848204","Begusarai","Bihar"
"848205","Samastipur","Bihar"
"848206","Samastipur","Bihar"
"848207","Samastipur","Bihar"
"848208","Samastipur","Bihar"
"848209","Samastipur","Bihar"
"848210","Samastipur","Bihar"
"848211","Samastipur","Bihar"
"848213","Darbhanga","Bihar"
"848216","Samastipur","Bihar"
"848236","Samastipur","Bihar"
"848301","Samastipur","Bihar"
"848302","Samastipur","Bihar"
"848501","Samastipur","Bihar"
"848502","Samastipur","Bihar"
"848503","Samastipur","Bihar"
"848504","Samastipur","Bihar"
"848505","Samastipur","Bihar"
"848506","Samastipur","Bihar"
"851101","Begusarai","Bihar"
"851110","Begusarai","Bihar"
"851111","Begusarai","Bihar"
"851112","Begusarai","Bihar"
"851113","Begusarai","Bihar"
"851114","Begusarai","Bihar"
"851115","Begusarai","Bihar"
"851116","Begusarai","Bihar"
"851117","Begusarai","Bihar"
"851118","Begusarai","Bihar"
"851120","Begusarai","Bihar"
"851121","Begusarai","Bihar"
"851126","Begusarai","Bihar"
"851127","Begusarai","Bihar"
"851128","Begusarai","Bihar"
"851129","Begusarai","Bihar"
"851130","Begusarai","Bihar"
"851131","Begusarai","Bihar"
"851132","Begusarai","Bihar"
"851133","Begusarai","Bihar"
"851134","Begusarai","Bihar"
"851135","Begusarai","Bihar"
"851201","Khagaria","Bihar"
"851202","Khagaria","Bihar"
"851203","Khagaria","Bihar"
"851204","Begusarai","Bihar"
"851205","Khagaria","Bihar"
"851206","Khagaria","Bihar"
"851210","Begusarai","Bihar"
"851211","Begusarai","Bihar"
"851212","Khagaria","Bihar"
"851213","Khagaria","Bihar"
"851214","Khagaria","Bihar"
"851215","Khagaria","Bihar"
"851216","Khagaria","Bihar"
"851217","Begusarai","Bihar"
"851218","Begusarai","Bihar"
"852101","Madhepura","Bihar"
"852105","Supaul","Bihar"
"852106","Saharsa","Bihar"
"852107","Saharsa","Bihar"
"852108","Supaul","Bihar"
"852109","Supaul","Bihar"
"852110","Supaul","Bihar"
"852111","Supaul","Bihar"
"852112","Madhepura","Bihar"
"852113","Madhepura","Bihar"
"852114","Madhepura","Bihar"
"852115","Madhepura","Bihar"
"852116","Madhepura","Bihar"
"852121","Madhepura","Bihar"
"852122","Purnia","Bihar"
"852123","Saharsa","Bihar"
"852124","Saharsa","Bihar"
"852125","Supaul","Bihar"
"852126","Saharsa","Bihar"
"852127","Saharsa","Bihar"
"852128","Madhepura","Bihar"
"852129","Saharsa","Bihar"
"852130","Supaul","Bihar"
"852131","Supaul","Bihar"
"852132","Madhepura","Bihar"
"852133","Supaul","Bihar"
"852134","Supaul","Bihar"
"852137","Supaul","Bihar"
"852138","Supaul","Bihar"
"852139","Supaul","Bihar"
"852161","Khagaria","Bihar"
"852201","Saharsa","Bihar"
"852202","Saharsa","Bihar"
"852212","Saharsa","Bihar"
"852213","Madhepura","Bihar"
"852214","Supaul","Bihar"
"852215","Supaul","Bihar"
"852216","Saharsa","Bihar"
"852217","Saharsa","Bihar"
"852218","Supaul","Bihar"
"852219","Madhepura","Bihar"
"852220","Madhepura","Bihar"
"852221","Saharsa","Bihar"
"853201","Bhagalpur","Bihar"
"853202","Bhagalpur","Bihar"
"853203","Bhagalpur","Bihar"
"853204","Bhagalpur","Bihar"
"853205","Bhagalpur","Bihar"
"854101","Katihar","Bihar"
"854102","Purnia","Bihar"
"854103","Katihar","Bihar"
"854104","Katihar","Bihar"
"854105","Katihar","Bihar"
"854106","Katihar","Bihar"
"854107","Katihar","Bihar"
"854108","Katihar","Bihar"
"854109","Katihar","Bihar"
"854110","Katihar","Bihar"
"854112","Katihar","Bihar"
"854113","Katihar","Bihar"
"854114","Katihar","Bihar"
"854115","Katihar","Bihar"
"854116","Katihar","Bihar"
"854117","Katihar","Bihar"
"854201","Purnia","Bihar"
"854202","Purnia","Bihar"
"854203","Purnia","Bihar"
"854204","Purnia","Bihar"
"854205","Purnia","Bihar"
"854301","Purnia","Bihar"
"854302","Purnia","Bihar"
"854303","Purnia","Bihar"
"854304","Purnia","Bihar"
"854305","Purnia","Bihar"
"854306","Purnia","Bihar"
"854311","Araria","Bihar"
"854312","Araria","Bihar"
"854315","Purnia","Bihar"
"854316","Araria","Bihar"
"854317","Katihar","Bihar"
"854318","Araria","Bihar"
"854325","Purnia","Bihar"
"854326","Purnia","Bihar"
"854327","Purnia","Bihar"
"854328","Araria","Bihar"
"854329","Araria","Bihar"
"854330","Purnia","Bihar"
"854331","Araria","Bihar"
"854332","Araria","Bihar"
"854333","Araria","Bihar"
"854334","Araria","Bihar"
"854335","Araria","Bihar"
"854336","Araria","Bihar"
"854337","Purnia","Bihar"
"854338","Supaul","Bihar"
"854339","Supaul","Bihar"
"854340","Supaul","Bihar"
"855101","Kishanganj","Bihar"
"855102","Katihar","Bihar"
"855105","Katihar","Bihar"
"855106","Kishanganj","Bihar"
"855107","Kishanganj","Bihar"
"855108","Kishanganj","Bihar"
"855113","Katihar","Bihar"
"855114","Katihar","Bihar"
"855115","Na","Not Applicable"
"855116","Kishanganj","Bihar"
"855117","Kishanganj","Bihar"
"900056","Kushi Nagar","Uttar Pradesh"
"900099","Kolkata","West Bengal"